# 3D Heart Model
# Left side (x < 0): Material.001 (1.png)
# Right side (x >= 0): Material (2.png)
mtllib heart.mtl

v 0.0000 7.5000 1.5000
v 0.0502 7.9975 1.5000
v 0.3917 9.3947 1.5000
v 1.2683 11.4248 1.5000
v 2.8360 13.7004 1.5000
v 5.1352 15.7868 1.5000
v 8.0806 17.2812 1.5000
v 11.4697 17.8813 1.5000
v 15.0081 17.4297 1.5000
v 18.3501 15.9267 1.5000
v 21.1454 13.5111 1.5000
v 23.0889 10.4156 1.5000
v 23.9630 6.9100 1.5000
v 23.6688 3.2453 1.5000
v 22.2397 -0.3876 1.5000
v 19.8367 -3.8771 1.5000
v 16.7261 -7.1859 1.5000
v 13.2412 -10.3258 1.5000
v 9.7363 -13.3216 1.5000
v 6.5373 -16.1768 1.5000
v 3.8965 -18.8489 1.5000
v 1.9603 -21.2437 1.5000
v 0.7509 -23.2276 1.5000
v 0.1676 -24.6555 1.5000
v 0.0063 -25.4046 1.5000
v -0.0063 -25.4046 1.5000
v -0.1676 -24.6555 1.5000
v -0.7509 -23.2276 1.5000
v -1.9603 -21.2437 1.5000
v -3.8965 -18.8489 1.5000
v -6.5373 -16.1768 1.5000
v -9.7363 -13.3216 1.5000
v -13.2412 -10.3258 1.5000
v -16.7261 -7.1859 1.5000
v -19.8367 -3.8771 1.5000
v -22.2397 -0.3876 1.5000
v -23.6688 3.2453 1.5000
v -23.9630 6.9100 1.5000
v -23.0889 10.4156 1.5000
v -21.1454 13.5111 1.5000
v -18.3501 15.9267 1.5000
v -15.0081 17.4297 1.5000
v -11.4697 17.8813 1.5000
v -8.0806 17.2812 1.5000
v -5.1352 15.7868 1.5000
v -2.8360 13.7004 1.5000
v -1.2683 11.4248 1.5000
v -0.3917 9.3947 1.5000
v -0.0502 7.9975 1.5000
v -0.0000 7.5000 1.5000
v 0.0000 7.8947 1.5789
v 0.0528 8.4184 1.5789
v 0.4123 9.8892 1.5789
v 1.3351 12.0261 1.5789
v 2.9853 14.4215 1.5789
v 5.4055 16.6177 1.5789
v 8.5059 18.1908 1.5789
v 12.0733 18.8224 1.5789
v 15.7981 18.3471 1.5789
v 19.3159 16.7650 1.5789
v 22.2583 14.2222 1.5789
v 24.3041 10.9638 1.5789
v 25.2242 7.2737 1.5789
v 24.9146 3.4161 1.5789
v 23.4102 -0.4080 1.5789
v 20.8808 -4.0812 1.5789
v 17.6064 -7.5642 1.5789
v 13.9381 -10.8692 1.5789
v 10.2488 -14.0227 1.5789
v 6.8813 -17.0282 1.5789
v 4.1016 -19.8410 1.5789
v 2.0635 -22.3618 1.5789
v 0.7904 -24.4501 1.5789
v 0.1765 -25.9532 1.5789
v 0.0066 -26.7417 1.5789
v -0.0066 -26.7417 1.5789
v -0.1765 -25.9532 1.5789
v -0.7904 -24.4501 1.5789
v -2.0635 -22.3618 1.5789
v -4.1016 -19.8410 1.5789
v -6.8813 -17.0282 1.5789
v -10.2488 -14.0227 1.5789
v -13.9381 -10.8692 1.5789
v -17.6064 -7.5642 1.5789
v -20.8808 -4.0812 1.5789
v -23.4102 -0.4080 1.5789
v -24.9146 3.4161 1.5789
v -25.2242 7.2737 1.5789
v -24.3041 10.9638 1.5789
v -22.2583 14.2222 1.5789
v -19.3159 16.7650 1.5789
v -15.7981 18.3471 1.5789
v -12.0733 18.8224 1.5789
v -8.5059 18.1908 1.5789
v -5.4055 16.6177 1.5789
v -2.9853 14.4215 1.5789
v -1.3351 12.0261 1.5789
v -0.4123 9.8892 1.5789
v -0.0528 8.4184 1.5789
v -0.0000 7.8947 1.5789
v 0.0000 8.2895 1.6579
v 0.0555 8.8393 1.6579
v 0.4329 10.3836 1.6579
v 1.4018 12.6274 1.6579
v 3.1345 15.1426 1.6579
v 5.6757 17.4486 1.6579
v 8.9312 19.1003 1.6579
v 12.6770 19.7636 1.6579
v 16.5880 19.2644 1.6579
v 20.2817 17.6032 1.6579
v 23.3712 14.9333 1.6579
v 25.5193 11.5120 1.6579
v 26.4855 7.6373 1.6579
v 26.1603 3.5869 1.6579
v 24.5807 -0.4284 1.6579
v 21.9248 -4.2852 1.6579
v 18.4867 -7.9424 1.6579
v 14.6350 -11.4127 1.6579
v 10.7612 -14.7239 1.6579
v 7.2254 -17.8796 1.6579
v 4.3067 -20.8330 1.6579
v 2.1667 -23.4799 1.6579
v 0.8300 -25.6726 1.6579
v 0.1853 -27.2509 1.6579
v 0.0070 -28.0788 1.6579
v -0.0070 -28.0788 1.6579
v -0.1853 -27.2509 1.6579
v -0.8300 -25.6726 1.6579
v -2.1667 -23.4799 1.6579
v -4.3067 -20.8330 1.6579
v -7.2254 -17.8796 1.6579
v -10.7612 -14.7239 1.6579
v -14.6350 -11.4127 1.6579
v -18.4867 -7.9424 1.6579
v -21.9248 -4.2852 1.6579
v -24.5807 -0.4284 1.6579
v -26.1603 3.5869 1.6579
v -26.4855 7.6373 1.6579
v -25.5193 11.5120 1.6579
v -23.3712 14.9333 1.6579
v -20.2817 17.6032 1.6579
v -16.5880 19.2644 1.6579
v -12.6770 19.7636 1.6579
v -8.9312 19.1003 1.6579
v -5.6757 17.4486 1.6579
v -3.1345 15.1426 1.6579
v -1.4018 12.6274 1.6579
v -0.4329 10.3836 1.6579
v -0.0555 8.8393 1.6579
v -0.0000 8.2895 1.6579
v 0.0000 8.6842 1.7368
v 0.0581 9.2602 1.7368
v 0.4535 10.8781 1.7368
v 1.4686 13.2287 1.7368
v 3.2838 15.8636 1.7368
v 5.9460 18.2795 1.7368
v 9.3565 20.0099 1.7368
v 13.2807 20.7047 1.7368
v 17.3779 20.1818 1.7368
v 21.2475 18.4415 1.7368
v 24.4841 15.6444 1.7368
v 26.7345 12.0602 1.7368
v 27.7467 8.0010 1.7368
v 27.4060 3.7577 1.7368
v 25.7512 -0.4488 1.7368
v 22.9689 -4.4893 1.7368
v 19.3670 -8.3206 1.7368
v 15.3319 -11.9561 1.7368
v 11.2737 -15.4250 1.7368
v 7.5695 -18.7310 1.7368
v 4.5118 -21.8251 1.7368
v 2.2699 -24.5980 1.7368
v 0.8695 -26.8952 1.7368
v 0.1941 -28.5485 1.7368
v 0.0073 -29.4159 1.7368
v -0.0073 -29.4159 1.7368
v -0.1941 -28.5485 1.7368
v -0.8695 -26.8952 1.7368
v -2.2699 -24.5980 1.7368
v -4.5118 -21.8251 1.7368
v -7.5695 -18.7310 1.7368
v -11.2737 -15.4250 1.7368
v -15.3319 -11.9561 1.7368
v -19.3670 -8.3206 1.7368
v -22.9689 -4.4893 1.7368
v -25.7512 -0.4488 1.7368
v -27.4060 3.7577 1.7368
v -27.7467 8.0010 1.7368
v -26.7345 12.0602 1.7368
v -24.4841 15.6444 1.7368
v -21.2475 18.4415 1.7368
v -17.3779 20.1818 1.7368
v -13.2807 20.7047 1.7368
v -9.3565 20.0099 1.7368
v -5.9460 18.2795 1.7368
v -3.2838 15.8636 1.7368
v -1.4686 13.2287 1.7368
v -0.4535 10.8781 1.7368
v -0.0581 9.2602 1.7368
v -0.0000 8.6842 1.7368
v 0.0000 9.0789 1.8158
v 0.0608 9.6811 1.8158
v 0.4741 11.3726 1.8158
v 1.5353 13.8301 1.8158
v 3.4331 16.5847 1.8158
v 6.2163 19.1104 1.8158
v 9.7818 20.9194 1.8158
v 13.8843 21.6458 1.8158
v 18.1678 21.0991 1.8158
v 22.2133 19.2797 1.8158
v 25.5971 16.3556 1.8158
v 27.9497 12.6084 1.8158
v 29.0079 8.3647 1.8158
v 28.6517 3.9285 1.8158
v 26.9217 -0.4692 1.8158
v 24.0129 -4.6934 1.8158
v 20.2473 -8.6988 1.8158
v 16.0288 -12.4996 1.8158
v 11.7861 -16.1261 1.8158
v 7.9135 -19.5824 1.8158
v 4.7169 -22.8171 1.8158
v 2.3730 -25.7161 1.8158
v 0.9090 -28.1177 1.8158
v 0.2029 -29.8462 1.8158
v 0.0076 -30.7530 1.8158
v -0.0076 -30.7530 1.8158
v -0.2029 -29.8462 1.8158
v -0.9090 -28.1177 1.8158
v -2.3730 -25.7161 1.8158
v -4.7169 -22.8171 1.8158
v -7.9135 -19.5824 1.8158
v -11.7861 -16.1261 1.8158
v -16.0288 -12.4996 1.8158
v -20.2473 -8.6988 1.8158
v -24.0129 -4.6934 1.8158
v -26.9217 -0.4692 1.8158
v -28.6517 3.9285 1.8158
v -29.0079 8.3647 1.8158
v -27.9497 12.6084 1.8158
v -25.5971 16.3556 1.8158
v -22.2133 19.2797 1.8158
v -18.1678 21.0991 1.8158
v -13.8843 21.6458 1.8158
v -9.7818 20.9194 1.8158
v -6.2163 19.1104 1.8158
v -3.4331 16.5847 1.8158
v -1.5353 13.8301 1.8158
v -0.4741 11.3726 1.8158
v -0.0608 9.6811 1.8158
v -0.0000 9.0789 1.8158
v 0.0000 9.4737 1.8947
v 0.0634 10.1021 1.8947
v 0.4948 11.8670 1.8947
v 1.6021 14.4314 1.8947
v 3.5823 17.3058 1.8947
v 6.4865 19.9413 1.8947
v 10.2071 21.8289 1.8947
v 14.4880 22.5869 1.8947
v 18.9577 22.0165 1.8947
v 23.1790 20.1180 1.8947
v 26.7100 17.0667 1.8947
v 29.1649 13.1566 1.8947
v 30.2691 8.7284 1.8947
v 29.8975 4.0993 1.8947
v 28.0922 -0.4896 1.8947
v 25.0569 -4.8974 1.8947
v 21.1276 -9.0770 1.8947
v 16.7257 -13.0431 1.8947
v 12.2985 -16.8273 1.8947
v 8.2576 -20.4338 1.8947
v 4.9219 -23.8092 1.8947
v 2.4762 -26.8342 1.8947
v 0.9485 -29.3402 1.8947
v 0.2118 -31.1438 1.8947
v 0.0080 -32.0901 1.8947
v -0.0080 -32.0901 1.8947
v -0.2118 -31.1438 1.8947
v -0.9485 -29.3402 1.8947
v -2.4762 -26.8342 1.8947
v -4.9219 -23.8092 1.8947
v -8.2576 -20.4338 1.8947
v -12.2985 -16.8273 1.8947
v -16.7257 -13.0431 1.8947
v -21.1276 -9.0770 1.8947
v -25.0569 -4.8974 1.8947
v -28.0922 -0.4896 1.8947
v -29.8975 4.0993 1.8947
v -30.2691 8.7284 1.8947
v -29.1649 13.1566 1.8947
v -26.7100 17.0667 1.8947
v -23.1790 20.1180 1.8947
v -18.9577 22.0165 1.8947
v -14.4880 22.5869 1.8947
v -10.2071 21.8289 1.8947
v -6.4865 19.9413 1.8947
v -3.5823 17.3058 1.8947
v -1.6021 14.4314 1.8947
v -0.4948 11.8670 1.8947
v -0.0634 10.1021 1.8947
v -0.0000 9.4737 1.8947
v 0.0000 9.8684 1.9737
v 0.0660 10.5230 1.9737
v 0.5154 12.3615 1.9737
v 1.6689 15.0327 1.9737
v 3.7316 18.0269 1.9737
v 6.7568 20.7722 1.9737
v 10.6324 22.7385 1.9737
v 15.0917 23.5281 1.9737
v 19.7476 22.9338 1.9737
v 24.1448 20.9562 1.9737
v 27.8229 17.7778 1.9737
v 30.3801 13.7048 1.9737
v 31.5303 9.0921 1.9737
v 31.1432 4.2701 1.9737
v 29.2628 -0.5100 1.9737
v 26.1010 -5.1015 1.9737
v 22.0080 -9.4552 1.9737
v 17.4226 -13.5865 1.9737
v 12.8110 -17.5284 1.9737
v 8.6017 -21.2852 1.9737
v 5.1270 -24.8012 1.9737
v 2.5794 -27.9523 1.9737
v 0.9880 -30.5627 1.9737
v 0.2206 -32.4415 1.9737
v 0.0083 -33.4271 1.9737
v -0.0083 -33.4271 1.9737
v -0.2206 -32.4415 1.9737
v -0.9880 -30.5627 1.9737
v -2.5794 -27.9523 1.9737
v -5.1270 -24.8012 1.9737
v -8.6017 -21.2852 1.9737
v -12.8110 -17.5284 1.9737
v -17.4226 -13.5865 1.9737
v -22.0080 -9.4552 1.9737
v -26.1010 -5.1015 1.9737
v -29.2628 -0.5100 1.9737
v -31.1432 4.2701 1.9737
v -31.5303 9.0921 1.9737
v -30.3801 13.7048 1.9737
v -27.8229 17.7778 1.9737
v -24.1448 20.9562 1.9737
v -19.7476 22.9338 1.9737
v -15.0917 23.5281 1.9737
v -10.6324 22.7385 1.9737
v -6.7568 20.7722 1.9737
v -3.7316 18.0269 1.9737
v -1.6689 15.0327 1.9737
v -0.5154 12.3615 1.9737
v -0.0660 10.5230 1.9737
v -0.0000 9.8684 1.9737
v 0.0000 10.2632 2.0526
v 0.0687 10.9439 2.0526
v 0.5360 12.8559 2.0526
v 1.7356 15.6340 2.0526
v 3.8808 18.7479 2.0526
v 7.0271 21.6030 2.0526
v 11.0577 23.6480 2.0526
v 15.6953 24.4692 2.0526
v 20.5375 23.8512 2.0526
v 25.1106 21.7945 2.0526
v 28.9358 18.4889 2.0526
v 31.5953 14.2529 2.0526
v 32.7915 9.4558 2.0526
v 32.3889 4.4409 2.0526
v 30.4333 -0.5304 2.0526
v 27.1450 -5.3055 2.0526
v 22.8883 -9.8334 2.0526
v 18.1195 -14.1300 2.0526
v 13.3234 -18.2296 2.0526
v 8.9457 -22.1367 2.0526
v 5.3321 -25.7933 2.0526
v 2.6826 -29.0704 2.0526
v 1.0276 -31.7852 2.0526
v 0.2294 -33.7392 2.0526
v 0.0086 -34.7642 2.0526
v -0.0086 -34.7642 2.0526
v -0.2294 -33.7392 2.0526
v -1.0276 -31.7852 2.0526
v -2.6826 -29.0704 2.0526
v -5.3321 -25.7933 2.0526
v -8.9457 -22.1367 2.0526
v -13.3234 -18.2296 2.0526
v -18.1195 -14.1300 2.0526
v -22.8883 -9.8334 2.0526
v -27.1450 -5.3055 2.0526
v -30.4333 -0.5304 2.0526
v -32.3889 4.4409 2.0526
v -32.7915 9.4558 2.0526
v -31.5953 14.2529 2.0526
v -28.9358 18.4889 2.0526
v -25.1106 21.7945 2.0526
v -20.5375 23.8512 2.0526
v -15.6953 24.4692 2.0526
v -11.0577 23.6480 2.0526
v -7.0271 21.6030 2.0526
v -3.8808 18.7479 2.0526
v -1.7356 15.6340 2.0526
v -0.5360 12.8559 2.0526
v -0.0687 10.9439 2.0526
v -0.0000 10.2632 2.0526
v 0.0000 10.6579 2.1316
v 0.0713 11.3648 2.1316
v 0.5566 13.3504 2.1316
v 1.8024 16.2353 2.1316
v 4.0301 19.4690 2.1316
v 7.2974 22.4339 2.1316
v 11.4830 24.5576 2.1316
v 16.2990 25.4103 2.1316
v 21.3274 24.7685 2.1316
v 26.0764 22.6327 2.1316
v 30.0487 19.2000 2.1316
v 32.8105 14.8011 2.1316
v 34.0527 9.8194 2.1316
v 33.6347 4.6117 2.1316
v 31.6038 -0.5508 2.1316
v 28.1890 -5.5096 2.1316
v 23.7686 -10.2116 2.1316
v 18.8164 -14.6734 2.1316
v 13.8359 -18.9307 2.1316
v 9.2898 -22.9881 2.1316
v 5.5372 -26.7853 2.1316
v 2.7857 -30.1884 2.1316
v 1.0671 -33.0077 2.1316
v 0.2382 -35.0368 2.1316
v 0.0090 -36.1013 2.1316
v -0.0090 -36.1013 2.1316
v -0.2382 -35.0368 2.1316
v -1.0671 -33.0077 2.1316
v -2.7857 -30.1884 2.1316
v -5.5372 -26.7853 2.1316
v -9.2898 -22.9881 2.1316
v -13.8359 -18.9307 2.1316
v -18.8164 -14.6734 2.1316
v -23.7686 -10.2116 2.1316
v -28.1890 -5.5096 2.1316
v -31.6038 -0.5508 2.1316
v -33.6347 4.6117 2.1316
v -34.0527 9.8194 2.1316
v -32.8105 14.8011 2.1316
v -30.0487 19.2000 2.1316
v -26.0764 22.6327 2.1316
v -21.3274 24.7685 2.1316
v -16.2990 25.4103 2.1316
v -11.4830 24.5576 2.1316
v -7.2974 22.4339 2.1316
v -4.0301 19.4690 2.1316
v -1.8024 16.2353 2.1316
v -0.5566 13.3504 2.1316
v -0.0713 11.3648 2.1316
v -0.0000 10.6579 2.1316
v 0.0000 11.0526 2.2105
v 0.0740 11.7857 2.2105
v 0.5772 13.8449 2.2105
v 1.8691 16.8366 2.2105
v 4.1794 20.1901 2.2105
v 7.5676 23.2648 2.2105
v 11.9083 25.4671 2.2105
v 16.9027 26.3514 2.2105
v 22.1173 25.6859 2.2105
v 27.0422 23.4710 2.2105
v 31.1616 19.9111 2.2105
v 34.0257 15.3493 2.2105
v 35.3139 10.1831 2.2105
v 34.8804 4.7825 2.2105
v 32.7743 -0.5712 2.2105
v 29.2331 -5.7137 2.2105
v 24.6489 -10.5898 2.2105
v 19.5133 -15.2169 2.2105
v 14.3483 -19.6318 2.2105
v 9.6338 -23.8395 2.2105
v 5.7423 -27.7774 2.2105
v 2.8889 -31.3065 2.2105
v 1.1066 -34.2302 2.2105
v 0.2471 -36.3345 2.2105
v 0.0093 -37.4384 2.2105
v -0.0093 -37.4384 2.2105
v -0.2471 -36.3345 2.2105
v -1.1066 -34.2302 2.2105
v -2.8889 -31.3065 2.2105
v -5.7423 -27.7774 2.2105
v -9.6338 -23.8395 2.2105
v -14.3483 -19.6318 2.2105
v -19.5133 -15.2169 2.2105
v -24.6489 -10.5898 2.2105
v -29.2331 -5.7137 2.2105
v -32.7743 -0.5712 2.2105
v -34.8804 4.7825 2.2105
v -35.3139 10.1831 2.2105
v -34.0257 15.3493 2.2105
v -31.1616 19.9111 2.2105
v -27.0422 23.4710 2.2105
v -22.1173 25.6859 2.2105
v -16.9027 26.3514 2.2105
v -11.9083 25.4671 2.2105
v -7.5676 23.2648 2.2105
v -4.1794 20.1901 2.2105
v -1.8691 16.8366 2.2105
v -0.5772 13.8449 2.2105
v -0.0740 11.7857 2.2105
v -0.0000 11.0526 2.2105
v 0.0000 11.4474 2.2895
v 0.0766 12.2067 2.2895
v 0.5978 14.3393 2.2895
v 1.9359 17.4379 2.2895
v 4.3286 20.9112 2.2895
v 7.8379 24.0957 2.2895
v 12.3336 26.3766 2.2895
v 17.5063 27.2925 2.2895
v 22.9072 26.6032 2.2895
v 28.0080 24.3092 2.2895
v 32.2745 20.6222 2.2895
v 35.2409 15.8975 2.2895
v 36.5751 10.5468 2.2895
v 36.1261 4.9533 2.2895
v 33.9448 -0.5916 2.2895
v 30.2771 -5.9177 2.2895
v 25.5292 -10.9680 2.2895
v 20.2102 -15.7604 2.2895
v 14.8607 -20.3330 2.2895
v 9.9779 -24.6909 2.2895
v 5.9473 -28.7694 2.2895
v 2.9921 -32.4246 2.2895
v 1.1461 -35.4527 2.2895
v 0.2559 -37.6321 2.2895
v 0.0096 -38.7755 2.2895
v -0.0096 -38.7755 2.2895
v -0.2559 -37.6321 2.2895
v -1.1461 -35.4527 2.2895
v -2.9921 -32.4246 2.2895
v -5.9473 -28.7694 2.2895
v -9.9779 -24.6909 2.2895
v -14.8607 -20.3330 2.2895
v -20.2102 -15.7604 2.2895
v -25.5292 -10.9680 2.2895
v -30.2771 -5.9177 2.2895
v -33.9448 -0.5916 2.2895
v -36.1261 4.9533 2.2895
v -36.5751 10.5468 2.2895
v -35.2409 15.8975 2.2895
v -32.2745 20.6222 2.2895
v -28.0080 24.3092 2.2895
v -22.9072 26.6032 2.2895
v -17.5063 27.2925 2.2895
v -12.3336 26.3766 2.2895
v -7.8379 24.0957 2.2895
v -4.3286 20.9112 2.2895
v -1.9359 17.4379 2.2895
v -0.5978 14.3393 2.2895
v -0.0766 12.2067 2.2895
v -0.0000 11.4474 2.2895
v 0.0000 11.8421 2.3684
v 0.0792 12.6276 2.3684
v 0.6185 14.8338 2.3684
v 2.0026 18.0392 2.3684
v 4.4779 21.6322 2.3684
v 8.1082 24.9266 2.3684
v 12.7589 27.2862 2.3684
v 18.1100 28.2337 2.3684
v 23.6971 27.5206 2.3684
v 28.9738 25.1475 2.3684
v 33.3875 21.3333 2.3684
v 36.4561 16.4457 2.3684
v 37.8364 10.9105 2.3684
v 37.3718 5.1241 2.3684
v 35.1153 -0.6120 2.3684
v 31.3212 -6.1218 2.3684
v 26.4096 -11.3462 2.3684
v 20.9071 -16.3038 2.3684
v 15.3732 -21.0341 2.3684
v 10.3220 -25.5423 2.3684
v 6.1524 -29.7615 2.3684
v 3.0953 -33.5427 2.3684
v 1.1857 -36.6752 2.3684
v 0.2647 -38.9298 2.3684
v 0.0100 -40.1126 2.3684
v -0.0100 -40.1126 2.3684
v -0.2647 -38.9298 2.3684
v -1.1857 -36.6752 2.3684
v -3.0953 -33.5427 2.3684
v -6.1524 -29.7615 2.3684
v -10.3220 -25.5423 2.3684
v -15.3732 -21.0341 2.3684
v -20.9071 -16.3038 2.3684
v -26.4096 -11.3462 2.3684
v -31.3212 -6.1218 2.3684
v -35.1153 -0.6120 2.3684
v -37.3718 5.1241 2.3684
v -37.8364 10.9105 2.3684
v -36.4561 16.4457 2.3684
v -33.3875 21.3333 2.3684
v -28.9738 25.1475 2.3684
v -23.6971 27.5206 2.3684
v -18.1100 28.2337 2.3684
v -12.7589 27.2862 2.3684
v -8.1082 24.9266 2.3684
v -4.4779 21.6322 2.3684
v -2.0026 18.0392 2.3684
v -0.6185 14.8338 2.3684
v -0.0792 12.6276 2.3684
v -0.0000 11.8421 2.3684
v 0.0000 12.2368 2.4474
v 0.0819 13.0485 2.4474
v 0.6391 15.3282 2.4474
v 2.0694 18.6405 2.4474
v 4.6272 22.3533 2.4474
v 8.3784 25.7575 2.4474
v 13.1842 28.1957 2.4474
v 18.7137 29.1748 2.4474
v 24.4870 28.4379 2.4474
v 29.9396 25.9857 2.4474
v 34.5004 22.0444 2.4474
v 37.6713 16.9939 2.4474
v 39.0976 11.2742 2.4474
v 38.6176 5.2949 2.4474
v 36.2858 -0.6324 2.4474
v 32.3652 -6.3258 2.4474
v 27.2899 -11.7244 2.4474
v 21.6040 -16.8473 2.4474
v 15.8856 -21.7352 2.4474
v 10.6660 -26.3937 2.4474
v 6.3575 -30.7535 2.4474
v 3.1984 -34.6608 2.4474
v 1.2252 -37.8977 2.4474
v 0.2735 -40.2275 2.4474
v 0.0103 -41.4497 2.4474
v -0.0103 -41.4497 2.4474
v -0.2735 -40.2275 2.4474
v -1.2252 -37.8977 2.4474
v -3.1984 -34.6608 2.4474
v -6.3575 -30.7535 2.4474
v -10.6660 -26.3937 2.4474
v -15.8856 -21.7352 2.4474
v -21.6040 -16.8473 2.4474
v -27.2899 -11.7244 2.4474
v -32.3652 -6.3258 2.4474
v -36.2858 -0.6324 2.4474
v -38.6176 5.2949 2.4474
v -39.0976 11.2742 2.4474
v -37.6713 16.9939 2.4474
v -34.5004 22.0444 2.4474
v -29.9396 25.9857 2.4474
v -24.4870 28.4379 2.4474
v -18.7137 29.1748 2.4474
v -13.1842 28.1957 2.4474
v -8.3784 25.7575 2.4474
v -4.6272 22.3533 2.4474
v -2.0694 18.6405 2.4474
v -0.6391 15.3282 2.4474
v -0.0819 13.0485 2.4474
v -0.0000 12.2368 2.4474
v 0.0000 12.6316 2.5263
v 0.0845 13.4694 2.5263
v 0.6597 15.8227 2.5263
v 2.1361 19.2418 2.5263
v 4.7764 23.0744 2.5263
v 8.6487 26.5884 2.5263
v 13.6095 29.1053 2.5263
v 19.3173 30.1159 2.5263
v 25.2769 29.3553 2.5263
v 30.9054 26.8240 2.5263
v 35.6133 22.7556 2.5263
v 38.8865 17.5421 2.5263
v 40.3588 11.6379 2.5263
v 39.8633 5.4657 2.5263
v 37.4563 -0.6528 2.5263
v 33.4092 -6.5299 2.5263
v 28.1702 -12.1026 2.5263
v 22.3009 -17.3907 2.5263
v 16.3980 -22.4364 2.5263
v 11.0101 -27.2451 2.5263
v 6.5626 -31.7456 2.5263
v 3.3016 -35.7789 2.5263
v 1.2647 -39.1202 2.5263
v 0.2824 -41.5251 2.5263
v 0.0106 -42.7867 2.5263
v -0.0106 -42.7867 2.5263
v -0.2824 -41.5251 2.5263
v -1.2647 -39.1202 2.5263
v -3.3016 -35.7789 2.5263
v -6.5626 -31.7456 2.5263
v -11.0101 -27.2451 2.5263
v -16.3980 -22.4364 2.5263
v -22.3009 -17.3907 2.5263
v -28.1702 -12.1026 2.5263
v -33.4092 -6.5299 2.5263
v -37.4563 -0.6528 2.5263
v -39.8633 5.4657 2.5263
v -40.3588 11.6379 2.5263
v -38.8865 17.5421 2.5263
v -35.6133 22.7556 2.5263
v -30.9054 26.8240 2.5263
v -25.2769 29.3553 2.5263
v -19.3173 30.1159 2.5263
v -13.6095 29.1053 2.5263
v -8.6487 26.5884 2.5263
v -4.7764 23.0744 2.5263
v -2.1361 19.2418 2.5263
v -0.6597 15.8227 2.5263
v -0.0845 13.4694 2.5263
v -0.0000 12.6316 2.5263
v 0.0000 13.0263 2.6053
v 0.0872 13.8903 2.6053
v 0.6803 16.3171 2.6053
v 2.2029 19.8431 2.6053
v 4.9257 23.7955 2.6053
v 8.9190 27.4192 2.6053
v 14.0348 30.0148 2.6053
v 19.9210 31.0570 2.6053
v 26.0668 30.2726 2.6053
v 31.8712 27.6622 2.6053
v 36.7262 23.4667 2.6053
v 40.1017 18.0903 2.6053
v 41.6200 12.0015 2.6053
v 41.1090 5.6366 2.6053
v 38.6268 -0.6732 2.6053
v 34.4533 -6.7340 2.6053
v 29.0505 -12.4809 2.6053
v 22.9978 -17.9342 2.6053
v 16.9105 -23.1375 2.6053
v 11.3542 -28.0965 2.6053
v 6.7677 -32.7376 2.6053
v 3.4048 -36.8970 2.6053
v 1.3042 -40.3427 2.6053
v 0.2912 -42.8228 2.6053
v 0.0110 -44.1238 2.6053
v -0.0110 -44.1238 2.6053
v -0.2912 -42.8228 2.6053
v -1.3042 -40.3427 2.6053
v -3.4048 -36.8970 2.6053
v -6.7677 -32.7376 2.6053
v -11.3542 -28.0965 2.6053
v -16.9105 -23.1375 2.6053
v -22.9978 -17.9342 2.6053
v -29.0505 -12.4809 2.6053
v -34.4533 -6.7340 2.6053
v -38.6268 -0.6732 2.6053
v -41.1090 5.6366 2.6053
v -41.6200 12.0015 2.6053
v -40.1017 18.0903 2.6053
v -36.7262 23.4667 2.6053
v -31.8712 27.6622 2.6053
v -26.0668 30.2726 2.6053
v -19.9210 31.0570 2.6053
v -14.0348 30.0148 2.6053
v -8.9190 27.4192 2.6053
v -4.9257 23.7955 2.6053
v -2.2029 19.8431 2.6053
v -0.6803 16.3171 2.6053
v -0.0872 13.8903 2.6053
v -0.0000 13.0263 2.6053
v 0.0000 13.4211 2.6842
v 0.0898 14.3113 2.6842
v 0.7009 16.8116 2.6842
v 2.2696 20.4444 2.6842
v 5.0749 24.5165 2.6842
v 9.1893 28.2501 2.6842
v 14.4601 30.9243 2.6842
v 20.5247 31.9981 2.6842
v 26.8567 31.1900 2.6842
v 32.8370 28.5005 2.6842
v 37.8391 24.1778 2.6842
v 41.3169 18.6385 2.6842
v 42.8812 12.3652 2.6842
v 42.3548 5.8074 2.6842
v 39.7973 -0.6936 2.6842
v 35.4973 -6.9380 2.6842
v 29.9308 -12.8591 2.6842
v 23.6947 -18.4777 2.6842
v 17.4229 -23.8386 2.6842
v 11.6982 -28.9479 2.6842
v 6.9728 -33.7297 2.6842
v 3.5080 -38.0151 2.6842
v 1.3437 -41.5652 2.6842
v 0.3000 -44.1204 2.6842
v 0.0113 -45.4609 2.6842
v -0.0113 -45.4609 2.6842
v -0.3000 -44.1204 2.6842
v -1.3437 -41.5652 2.6842
v -3.5080 -38.0151 2.6842
v -6.9728 -33.7297 2.6842
v -11.6982 -28.9479 2.6842
v -17.4229 -23.8386 2.6842
v -23.6947 -18.4777 2.6842
v -29.9308 -12.8591 2.6842
v -35.4973 -6.9380 2.6842
v -39.7973 -0.6936 2.6842
v -42.3548 5.8074 2.6842
v -42.8812 12.3652 2.6842
v -41.3169 18.6385 2.6842
v -37.8391 24.1778 2.6842
v -32.8370 28.5005 2.6842
v -26.8567 31.1900 2.6842
v -20.5247 31.9981 2.6842
v -14.4601 30.9243 2.6842
v -9.1893 28.2501 2.6842
v -5.0749 24.5165 2.6842
v -2.2696 20.4444 2.6842
v -0.7009 16.8116 2.6842
v -0.0898 14.3113 2.6842
v -0.0000 13.4211 2.6842
v 0.0000 13.8158 2.7632
v 0.0924 14.7322 2.7632
v 0.7215 17.3061 2.7632
v 2.3364 21.0457 2.7632
v 5.2242 25.2376 2.7632
v 9.4595 29.0810 2.7632
v 14.8853 31.8339 2.7632
v 21.1283 32.9393 2.7632
v 27.6466 32.1073 2.7632
v 33.8028 29.3387 2.7632
v 38.9520 24.8889 2.7632
v 42.5321 19.1867 2.7632
v 44.1424 12.7289 2.7632
v 43.6005 5.9782 2.7632
v 40.9679 -0.7140 2.7632
v 36.5414 -7.1421 2.7632
v 30.8111 -13.2373 2.7632
v 24.3916 -19.0211 2.7632
v 17.9354 -24.5398 2.7632
v 12.0423 -29.7993 2.7632
v 7.1778 -34.7217 2.7632
v 3.6112 -39.1332 2.7632
v 1.3833 -42.7877 2.7632
v 0.3088 -45.4181 2.7632
v 0.0116 -46.7980 2.7632
v -0.0116 -46.7980 2.7632
v -0.3088 -45.4181 2.7632
v -1.3833 -42.7877 2.7632
v -3.6112 -39.1332 2.7632
v -7.1778 -34.7217 2.7632
v -12.0423 -29.7993 2.7632
v -17.9354 -24.5398 2.7632
v -24.3916 -19.0211 2.7632
v -30.8111 -13.2373 2.7632
v -36.5414 -7.1421 2.7632
v -40.9679 -0.7140 2.7632
v -43.6005 5.9782 2.7632
v -44.1424 12.7289 2.7632
v -42.5321 19.1867 2.7632
v -38.9520 24.8889 2.7632
v -33.8028 29.3387 2.7632
v -27.6466 32.1073 2.7632
v -21.1283 32.9393 2.7632
v -14.8853 31.8339 2.7632
v -9.4595 29.0810 2.7632
v -5.2242 25.2376 2.7632
v -2.3364 21.0457 2.7632
v -0.7215 17.3061 2.7632
v -0.0924 14.7322 2.7632
v -0.0000 13.8158 2.7632
v 0.0000 14.2105 2.8421
v 0.0951 15.1531 2.8421
v 0.7421 17.8005 2.8421
v 2.4032 21.6470 2.8421
v 5.3735 25.9587 2.8421
v 9.7298 29.9119 2.8421
v 15.3106 32.7434 2.8421
v 21.7320 33.8804 2.8421
v 28.4365 33.0247 2.8421
v 34.7686 30.1770 2.8421
v 40.0650 25.6000 2.8421
v 43.7473 19.7348 2.8421
v 45.4036 13.0926 2.8421
v 44.8462 6.1490 2.8421
v 42.1384 -0.7344 2.8421
v 37.5854 -7.3461 2.8421
v 31.6915 -13.6155 2.8421
v 25.0885 -19.5646 2.8421
v 18.4478 -25.2409 2.8421
v 12.3864 -30.6508 2.8421
v 7.3829 -35.7138 2.8421
v 3.7143 -40.2513 2.8421
v 1.4228 -44.0102 2.8421
v 0.3176 -46.7158 2.8421
v 0.0120 -48.1351 2.8421
v -0.0120 -48.1351 2.8421
v -0.3176 -46.7158 2.8421
v -1.4228 -44.0102 2.8421
v -3.7143 -40.2513 2.8421
v -7.3829 -35.7138 2.8421
v -12.3864 -30.6508 2.8421
v -18.4478 -25.2409 2.8421
v -25.0885 -19.5646 2.8421
v -31.6915 -13.6155 2.8421
v -37.5854 -7.3461 2.8421
v -42.1384 -0.7344 2.8421
v -44.8462 6.1490 2.8421
v -45.4036 13.0926 2.8421
v -43.7473 19.7348 2.8421
v -40.0650 25.6000 2.8421
v -34.7686 30.1770 2.8421
v -28.4365 33.0247 2.8421
v -21.7320 33.8804 2.8421
v -15.3106 32.7434 2.8421
v -9.7298 29.9119 2.8421
v -5.3735 25.9587 2.8421
v -2.4032 21.6470 2.8421
v -0.7421 17.8005 2.8421
v -0.0951 15.1531 2.8421
v -0.0000 14.2105 2.8421
v 0.0000 14.6053 2.9211
v 0.0977 15.5740 2.9211
v 0.7628 18.2950 2.9211
v 2.4699 22.2484 2.9211
v 5.5227 26.6798 2.9211
v 10.0001 30.7428 2.9211
v 15.7359 33.6530 2.9211
v 22.3357 34.8215 2.9211
v 29.2264 33.9421 2.9211
v 35.7344 31.0152 2.9211
v 41.1779 26.3111 2.9211
v 44.9625 20.2830 2.9211
v 46.6648 13.4563 2.9211
v 46.0919 6.3198 2.9211
v 43.3089 -0.7548 2.9211
v 38.6294 -7.5502 2.9211
v 32.5718 -13.9937 2.9211
v 25.7854 -20.1080 2.9211
v 18.9602 -25.9421 2.9211
v 12.7304 -31.5022 2.9211
v 7.5880 -36.7058 2.9211
v 3.8175 -41.3694 2.9211
v 1.4623 -45.2328 2.9211
v 0.3265 -48.0134 2.9211
v 0.0123 -49.4722 2.9211
v -0.0123 -49.4722 2.9211
v -0.3265 -48.0134 2.9211
v -1.4623 -45.2328 2.9211
v -3.8175 -41.3694 2.9211
v -7.5880 -36.7058 2.9211
v -12.7304 -31.5022 2.9211
v -18.9602 -25.9421 2.9211
v -25.7854 -20.1080 2.9211
v -32.5718 -13.9937 2.9211
v -38.6294 -7.5502 2.9211
v -43.3089 -0.7548 2.9211
v -46.0919 6.3198 2.9211
v -46.6648 13.4563 2.9211
v -44.9625 20.2830 2.9211
v -41.1779 26.3111 2.9211
v -35.7344 31.0152 2.9211
v -29.2264 33.9421 2.9211
v -22.3357 34.8215 2.9211
v -15.7359 33.6530 2.9211
v -10.0001 30.7428 2.9211
v -5.5227 26.6798 2.9211
v -2.4699 22.2484 2.9211
v -0.7628 18.2950 2.9211
v -0.0977 15.5740 2.9211
v -0.0000 14.6053 2.9211
v 0.0000 15.0000 3.0000
v 0.1004 15.9949 3.0000
v 0.7834 18.7894 3.0000
v 2.5367 22.8497 3.0000
v 5.6720 27.4008 3.0000
v 10.2704 31.5737 3.0000
v 16.1612 34.5625 3.0000
v 22.9393 35.7626 3.0000
v 30.0163 34.8594 3.0000
v 36.7002 31.8535 3.0000
v 42.2908 27.0222 3.0000
v 46.1777 20.8312 3.0000
v 47.9261 13.8200 3.0000
v 47.3377 6.4906 3.0000
v 44.4794 -0.7752 3.0000
v 39.6735 -7.7543 3.0000
v 33.4521 -14.3719 3.0000
v 26.4823 -20.6515 3.0000
v 19.4727 -26.6432 3.0000
v 13.0745 -32.3536 3.0000
v 7.7931 -37.6979 3.0000
v 3.9207 -42.4874 3.0000
v 1.5018 -46.4553 3.0000
v 0.3353 -49.3111 3.0000
v 0.0126 -50.8093 3.0000
v -0.0126 -50.8093 3.0000
v -0.3353 -49.3111 3.0000
v -1.5018 -46.4553 3.0000
v -3.9207 -42.4874 3.0000
v -7.7931 -37.6979 3.0000
v -13.0745 -32.3536 3.0000
v -19.4727 -26.6432 3.0000
v -26.4823 -20.6515 3.0000
v -33.4521 -14.3719 3.0000
v -39.6735 -7.7543 3.0000
v -44.4794 -0.7752 3.0000
v -47.3377 6.4906 3.0000
v -47.9261 13.8200 3.0000
v -46.1777 20.8312 3.0000
v -42.2908 27.0222 3.0000
v -36.7002 31.8535 3.0000
v -30.0163 34.8594 3.0000
v -22.9393 35.7626 3.0000
v -16.1612 34.5625 3.0000
v -10.2704 31.5737 3.0000
v -5.6720 27.4008 3.0000
v -2.5367 22.8497 3.0000
v -0.7834 18.7894 3.0000
v -0.1004 15.9949 3.0000
v -0.0000 15.0000 3.0000
vt 0.0000 0.0000
vt 0.0204 0.0000
vt 0.0408 0.0000
vt 0.0612 0.0000
vt 0.0816 0.0000
vt 0.1020 0.0000
vt 0.1224 0.0000
vt 0.1429 0.0000
vt 0.1633 0.0000
vt 0.1837 0.0000
vt 0.2041 0.0000
vt 0.2245 0.0000
vt 0.2449 0.0000
vt 0.2653 0.0000
vt 0.2857 0.0000
vt 0.3061 0.0000
vt 0.3265 0.0000
vt 0.3469 0.0000
vt 0.3673 0.0000
vt 0.3878 0.0000
vt 0.4082 0.0000
vt 0.4286 0.0000
vt 0.4490 0.0000
vt 0.4694 0.0000
vt 0.4898 0.0000
vt 0.5102 0.0000
vt 0.5306 0.0000
vt 0.5510 0.0000
vt 0.5714 0.0000
vt 0.5918 0.0000
vt 0.6122 0.0000
vt 0.6327 0.0000
vt 0.6531 0.0000
vt 0.6735 0.0000
vt 0.6939 0.0000
vt 0.7143 0.0000
vt 0.7347 0.0000
vt 0.7551 0.0000
vt 0.7755 0.0000
vt 0.7959 0.0000
vt 0.8163 0.0000
vt 0.8367 0.0000
vt 0.8571 0.0000
vt 0.8776 0.0000
vt 0.8980 0.0000
vt 0.9184 0.0000
vt 0.9388 0.0000
vt 0.9592 0.0000
vt 0.9796 0.0000
vt 1.0000 0.0000
vt 0.0000 0.0526
vt 0.0204 0.0526
vt 0.0408 0.0526
vt 0.0612 0.0526
vt 0.0816 0.0526
vt 0.1020 0.0526
vt 0.1224 0.0526
vt 0.1429 0.0526
vt 0.1633 0.0526
vt 0.1837 0.0526
vt 0.2041 0.0526
vt 0.2245 0.0526
vt 0.2449 0.0526
vt 0.2653 0.0526
vt 0.2857 0.0526
vt 0.3061 0.0526
vt 0.3265 0.0526
vt 0.3469 0.0526
vt 0.3673 0.0526
vt 0.3878 0.0526
vt 0.4082 0.0526
vt 0.4286 0.0526
vt 0.4490 0.0526
vt 0.4694 0.0526
vt 0.4898 0.0526
vt 0.5102 0.0526
vt 0.5306 0.0526
vt 0.5510 0.0526
vt 0.5714 0.0526
vt 0.5918 0.0526
vt 0.6122 0.0526
vt 0.6327 0.0526
vt 0.6531 0.0526
vt 0.6735 0.0526
vt 0.6939 0.0526
vt 0.7143 0.0526
vt 0.7347 0.0526
vt 0.7551 0.0526
vt 0.7755 0.0526
vt 0.7959 0.0526
vt 0.8163 0.0526
vt 0.8367 0.0526
vt 0.8571 0.0526
vt 0.8776 0.0526
vt 0.8980 0.0526
vt 0.9184 0.0526
vt 0.9388 0.0526
vt 0.9592 0.0526
vt 0.9796 0.0526
vt 1.0000 0.0526
vt 0.0000 0.1053
vt 0.0204 0.1053
vt 0.0408 0.1053
vt 0.0612 0.1053
vt 0.0816 0.1053
vt 0.1020 0.1053
vt 0.1224 0.1053
vt 0.1429 0.1053
vt 0.1633 0.1053
vt 0.1837 0.1053
vt 0.2041 0.1053
vt 0.2245 0.1053
vt 0.2449 0.1053
vt 0.2653 0.1053
vt 0.2857 0.1053
vt 0.3061 0.1053
vt 0.3265 0.1053
vt 0.3469 0.1053
vt 0.3673 0.1053
vt 0.3878 0.1053
vt 0.4082 0.1053
vt 0.4286 0.1053
vt 0.4490 0.1053
vt 0.4694 0.1053
vt 0.4898 0.1053
vt 0.5102 0.1053
vt 0.5306 0.1053
vt 0.5510 0.1053
vt 0.5714 0.1053
vt 0.5918 0.1053
vt 0.6122 0.1053
vt 0.6327 0.1053
vt 0.6531 0.1053
vt 0.6735 0.1053
vt 0.6939 0.1053
vt 0.7143 0.1053
vt 0.7347 0.1053
vt 0.7551 0.1053
vt 0.7755 0.1053
vt 0.7959 0.1053
vt 0.8163 0.1053
vt 0.8367 0.1053
vt 0.8571 0.1053
vt 0.8776 0.1053
vt 0.8980 0.1053
vt 0.9184 0.1053
vt 0.9388 0.1053
vt 0.9592 0.1053
vt 0.9796 0.1053
vt 1.0000 0.1053
vt 0.0000 0.1579
vt 0.0204 0.1579
vt 0.0408 0.1579
vt 0.0612 0.1579
vt 0.0816 0.1579
vt 0.1020 0.1579
vt 0.1224 0.1579
vt 0.1429 0.1579
vt 0.1633 0.1579
vt 0.1837 0.1579
vt 0.2041 0.1579
vt 0.2245 0.1579
vt 0.2449 0.1579
vt 0.2653 0.1579
vt 0.2857 0.1579
vt 0.3061 0.1579
vt 0.3265 0.1579
vt 0.3469 0.1579
vt 0.3673 0.1579
vt 0.3878 0.1579
vt 0.4082 0.1579
vt 0.4286 0.1579
vt 0.4490 0.1579
vt 0.4694 0.1579
vt 0.4898 0.1579
vt 0.5102 0.1579
vt 0.5306 0.1579
vt 0.5510 0.1579
vt 0.5714 0.1579
vt 0.5918 0.1579
vt 0.6122 0.1579
vt 0.6327 0.1579
vt 0.6531 0.1579
vt 0.6735 0.1579
vt 0.6939 0.1579
vt 0.7143 0.1579
vt 0.7347 0.1579
vt 0.7551 0.1579
vt 0.7755 0.1579
vt 0.7959 0.1579
vt 0.8163 0.1579
vt 0.8367 0.1579
vt 0.8571 0.1579
vt 0.8776 0.1579
vt 0.8980 0.1579
vt 0.9184 0.1579
vt 0.9388 0.1579
vt 0.9592 0.1579
vt 0.9796 0.1579
vt 1.0000 0.1579
vt 0.0000 0.2105
vt 0.0204 0.2105
vt 0.0408 0.2105
vt 0.0612 0.2105
vt 0.0816 0.2105
vt 0.1020 0.2105
vt 0.1224 0.2105
vt 0.1429 0.2105
vt 0.1633 0.2105
vt 0.1837 0.2105
vt 0.2041 0.2105
vt 0.2245 0.2105
vt 0.2449 0.2105
vt 0.2653 0.2105
vt 0.2857 0.2105
vt 0.3061 0.2105
vt 0.3265 0.2105
vt 0.3469 0.2105
vt 0.3673 0.2105
vt 0.3878 0.2105
vt 0.4082 0.2105
vt 0.4286 0.2105
vt 0.4490 0.2105
vt 0.4694 0.2105
vt 0.4898 0.2105
vt 0.5102 0.2105
vt 0.5306 0.2105
vt 0.5510 0.2105
vt 0.5714 0.2105
vt 0.5918 0.2105
vt 0.6122 0.2105
vt 0.6327 0.2105
vt 0.6531 0.2105
vt 0.6735 0.2105
vt 0.6939 0.2105
vt 0.7143 0.2105
vt 0.7347 0.2105
vt 0.7551 0.2105
vt 0.7755 0.2105
vt 0.7959 0.2105
vt 0.8163 0.2105
vt 0.8367 0.2105
vt 0.8571 0.2105
vt 0.8776 0.2105
vt 0.8980 0.2105
vt 0.9184 0.2105
vt 0.9388 0.2105
vt 0.9592 0.2105
vt 0.9796 0.2105
vt 1.0000 0.2105
vt 0.0000 0.2632
vt 0.0204 0.2632
vt 0.0408 0.2632
vt 0.0612 0.2632
vt 0.0816 0.2632
vt 0.1020 0.2632
vt 0.1224 0.2632
vt 0.1429 0.2632
vt 0.1633 0.2632
vt 0.1837 0.2632
vt 0.2041 0.2632
vt 0.2245 0.2632
vt 0.2449 0.2632
vt 0.2653 0.2632
vt 0.2857 0.2632
vt 0.3061 0.2632
vt 0.3265 0.2632
vt 0.3469 0.2632
vt 0.3673 0.2632
vt 0.3878 0.2632
vt 0.4082 0.2632
vt 0.4286 0.2632
vt 0.4490 0.2632
vt 0.4694 0.2632
vt 0.4898 0.2632
vt 0.5102 0.2632
vt 0.5306 0.2632
vt 0.5510 0.2632
vt 0.5714 0.2632
vt 0.5918 0.2632
vt 0.6122 0.2632
vt 0.6327 0.2632
vt 0.6531 0.2632
vt 0.6735 0.2632
vt 0.6939 0.2632
vt 0.7143 0.2632
vt 0.7347 0.2632
vt 0.7551 0.2632
vt 0.7755 0.2632
vt 0.7959 0.2632
vt 0.8163 0.2632
vt 0.8367 0.2632
vt 0.8571 0.2632
vt 0.8776 0.2632
vt 0.8980 0.2632
vt 0.9184 0.2632
vt 0.9388 0.2632
vt 0.9592 0.2632
vt 0.9796 0.2632
vt 1.0000 0.2632
vt 0.0000 0.3158
vt 0.0204 0.3158
vt 0.0408 0.3158
vt 0.0612 0.3158
vt 0.0816 0.3158
vt 0.1020 0.3158
vt 0.1224 0.3158
vt 0.1429 0.3158
vt 0.1633 0.3158
vt 0.1837 0.3158
vt 0.2041 0.3158
vt 0.2245 0.3158
vt 0.2449 0.3158
vt 0.2653 0.3158
vt 0.2857 0.3158
vt 0.3061 0.3158
vt 0.3265 0.3158
vt 0.3469 0.3158
vt 0.3673 0.3158
vt 0.3878 0.3158
vt 0.4082 0.3158
vt 0.4286 0.3158
vt 0.4490 0.3158
vt 0.4694 0.3158
vt 0.4898 0.3158
vt 0.5102 0.3158
vt 0.5306 0.3158
vt 0.5510 0.3158
vt 0.5714 0.3158
vt 0.5918 0.3158
vt 0.6122 0.3158
vt 0.6327 0.3158
vt 0.6531 0.3158
vt 0.6735 0.3158
vt 0.6939 0.3158
vt 0.7143 0.3158
vt 0.7347 0.3158
vt 0.7551 0.3158
vt 0.7755 0.3158
vt 0.7959 0.3158
vt 0.8163 0.3158
vt 0.8367 0.3158
vt 0.8571 0.3158
vt 0.8776 0.3158
vt 0.8980 0.3158
vt 0.9184 0.3158
vt 0.9388 0.3158
vt 0.9592 0.3158
vt 0.9796 0.3158
vt 1.0000 0.3158
vt 0.0000 0.3684
vt 0.0204 0.3684
vt 0.0408 0.3684
vt 0.0612 0.3684
vt 0.0816 0.3684
vt 0.1020 0.3684
vt 0.1224 0.3684
vt 0.1429 0.3684
vt 0.1633 0.3684
vt 0.1837 0.3684
vt 0.2041 0.3684
vt 0.2245 0.3684
vt 0.2449 0.3684
vt 0.2653 0.3684
vt 0.2857 0.3684
vt 0.3061 0.3684
vt 0.3265 0.3684
vt 0.3469 0.3684
vt 0.3673 0.3684
vt 0.3878 0.3684
vt 0.4082 0.3684
vt 0.4286 0.3684
vt 0.4490 0.3684
vt 0.4694 0.3684
vt 0.4898 0.3684
vt 0.5102 0.3684
vt 0.5306 0.3684
vt 0.5510 0.3684
vt 0.5714 0.3684
vt 0.5918 0.3684
vt 0.6122 0.3684
vt 0.6327 0.3684
vt 0.6531 0.3684
vt 0.6735 0.3684
vt 0.6939 0.3684
vt 0.7143 0.3684
vt 0.7347 0.3684
vt 0.7551 0.3684
vt 0.7755 0.3684
vt 0.7959 0.3684
vt 0.8163 0.3684
vt 0.8367 0.3684
vt 0.8571 0.3684
vt 0.8776 0.3684
vt 0.8980 0.3684
vt 0.9184 0.3684
vt 0.9388 0.3684
vt 0.9592 0.3684
vt 0.9796 0.3684
vt 1.0000 0.3684
vt 0.0000 0.4211
vt 0.0204 0.4211
vt 0.0408 0.4211
vt 0.0612 0.4211
vt 0.0816 0.4211
vt 0.1020 0.4211
vt 0.1224 0.4211
vt 0.1429 0.4211
vt 0.1633 0.4211
vt 0.1837 0.4211
vt 0.2041 0.4211
vt 0.2245 0.4211
vt 0.2449 0.4211
vt 0.2653 0.4211
vt 0.2857 0.4211
vt 0.3061 0.4211
vt 0.3265 0.4211
vt 0.3469 0.4211
vt 0.3673 0.4211
vt 0.3878 0.4211
vt 0.4082 0.4211
vt 0.4286 0.4211
vt 0.4490 0.4211
vt 0.4694 0.4211
vt 0.4898 0.4211
vt 0.5102 0.4211
vt 0.5306 0.4211
vt 0.5510 0.4211
vt 0.5714 0.4211
vt 0.5918 0.4211
vt 0.6122 0.4211
vt 0.6327 0.4211
vt 0.6531 0.4211
vt 0.6735 0.4211
vt 0.6939 0.4211
vt 0.7143 0.4211
vt 0.7347 0.4211
vt 0.7551 0.4211
vt 0.7755 0.4211
vt 0.7959 0.4211
vt 0.8163 0.4211
vt 0.8367 0.4211
vt 0.8571 0.4211
vt 0.8776 0.4211
vt 0.8980 0.4211
vt 0.9184 0.4211
vt 0.9388 0.4211
vt 0.9592 0.4211
vt 0.9796 0.4211
vt 1.0000 0.4211
vt 0.0000 0.4737
vt 0.0204 0.4737
vt 0.0408 0.4737
vt 0.0612 0.4737
vt 0.0816 0.4737
vt 0.1020 0.4737
vt 0.1224 0.4737
vt 0.1429 0.4737
vt 0.1633 0.4737
vt 0.1837 0.4737
vt 0.2041 0.4737
vt 0.2245 0.4737
vt 0.2449 0.4737
vt 0.2653 0.4737
vt 0.2857 0.4737
vt 0.3061 0.4737
vt 0.3265 0.4737
vt 0.3469 0.4737
vt 0.3673 0.4737
vt 0.3878 0.4737
vt 0.4082 0.4737
vt 0.4286 0.4737
vt 0.4490 0.4737
vt 0.4694 0.4737
vt 0.4898 0.4737
vt 0.5102 0.4737
vt 0.5306 0.4737
vt 0.5510 0.4737
vt 0.5714 0.4737
vt 0.5918 0.4737
vt 0.6122 0.4737
vt 0.6327 0.4737
vt 0.6531 0.4737
vt 0.6735 0.4737
vt 0.6939 0.4737
vt 0.7143 0.4737
vt 0.7347 0.4737
vt 0.7551 0.4737
vt 0.7755 0.4737
vt 0.7959 0.4737
vt 0.8163 0.4737
vt 0.8367 0.4737
vt 0.8571 0.4737
vt 0.8776 0.4737
vt 0.8980 0.4737
vt 0.9184 0.4737
vt 0.9388 0.4737
vt 0.9592 0.4737
vt 0.9796 0.4737
vt 1.0000 0.4737
vt 0.0000 0.5263
vt 0.0204 0.5263
vt 0.0408 0.5263
vt 0.0612 0.5263
vt 0.0816 0.5263
vt 0.1020 0.5263
vt 0.1224 0.5263
vt 0.1429 0.5263
vt 0.1633 0.5263
vt 0.1837 0.5263
vt 0.2041 0.5263
vt 0.2245 0.5263
vt 0.2449 0.5263
vt 0.2653 0.5263
vt 0.2857 0.5263
vt 0.3061 0.5263
vt 0.3265 0.5263
vt 0.3469 0.5263
vt 0.3673 0.5263
vt 0.3878 0.5263
vt 0.4082 0.5263
vt 0.4286 0.5263
vt 0.4490 0.5263
vt 0.4694 0.5263
vt 0.4898 0.5263
vt 0.5102 0.5263
vt 0.5306 0.5263
vt 0.5510 0.5263
vt 0.5714 0.5263
vt 0.5918 0.5263
vt 0.6122 0.5263
vt 0.6327 0.5263
vt 0.6531 0.5263
vt 0.6735 0.5263
vt 0.6939 0.5263
vt 0.7143 0.5263
vt 0.7347 0.5263
vt 0.7551 0.5263
vt 0.7755 0.5263
vt 0.7959 0.5263
vt 0.8163 0.5263
vt 0.8367 0.5263
vt 0.8571 0.5263
vt 0.8776 0.5263
vt 0.8980 0.5263
vt 0.9184 0.5263
vt 0.9388 0.5263
vt 0.9592 0.5263
vt 0.9796 0.5263
vt 1.0000 0.5263
vt 0.0000 0.5789
vt 0.0204 0.5789
vt 0.0408 0.5789
vt 0.0612 0.5789
vt 0.0816 0.5789
vt 0.1020 0.5789
vt 0.1224 0.5789
vt 0.1429 0.5789
vt 0.1633 0.5789
vt 0.1837 0.5789
vt 0.2041 0.5789
vt 0.2245 0.5789
vt 0.2449 0.5789
vt 0.2653 0.5789
vt 0.2857 0.5789
vt 0.3061 0.5789
vt 0.3265 0.5789
vt 0.3469 0.5789
vt 0.3673 0.5789
vt 0.3878 0.5789
vt 0.4082 0.5789
vt 0.4286 0.5789
vt 0.4490 0.5789
vt 0.4694 0.5789
vt 0.4898 0.5789
vt 0.5102 0.5789
vt 0.5306 0.5789
vt 0.5510 0.5789
vt 0.5714 0.5789
vt 0.5918 0.5789
vt 0.6122 0.5789
vt 0.6327 0.5789
vt 0.6531 0.5789
vt 0.6735 0.5789
vt 0.6939 0.5789
vt 0.7143 0.5789
vt 0.7347 0.5789
vt 0.7551 0.5789
vt 0.7755 0.5789
vt 0.7959 0.5789
vt 0.8163 0.5789
vt 0.8367 0.5789
vt 0.8571 0.5789
vt 0.8776 0.5789
vt 0.8980 0.5789
vt 0.9184 0.5789
vt 0.9388 0.5789
vt 0.9592 0.5789
vt 0.9796 0.5789
vt 1.0000 0.5789
vt 0.0000 0.6316
vt 0.0204 0.6316
vt 0.0408 0.6316
vt 0.0612 0.6316
vt 0.0816 0.6316
vt 0.1020 0.6316
vt 0.1224 0.6316
vt 0.1429 0.6316
vt 0.1633 0.6316
vt 0.1837 0.6316
vt 0.2041 0.6316
vt 0.2245 0.6316
vt 0.2449 0.6316
vt 0.2653 0.6316
vt 0.2857 0.6316
vt 0.3061 0.6316
vt 0.3265 0.6316
vt 0.3469 0.6316
vt 0.3673 0.6316
vt 0.3878 0.6316
vt 0.4082 0.6316
vt 0.4286 0.6316
vt 0.4490 0.6316
vt 0.4694 0.6316
vt 0.4898 0.6316
vt 0.5102 0.6316
vt 0.5306 0.6316
vt 0.5510 0.6316
vt 0.5714 0.6316
vt 0.5918 0.6316
vt 0.6122 0.6316
vt 0.6327 0.6316
vt 0.6531 0.6316
vt 0.6735 0.6316
vt 0.6939 0.6316
vt 0.7143 0.6316
vt 0.7347 0.6316
vt 0.7551 0.6316
vt 0.7755 0.6316
vt 0.7959 0.6316
vt 0.8163 0.6316
vt 0.8367 0.6316
vt 0.8571 0.6316
vt 0.8776 0.6316
vt 0.8980 0.6316
vt 0.9184 0.6316
vt 0.9388 0.6316
vt 0.9592 0.6316
vt 0.9796 0.6316
vt 1.0000 0.6316
vt 0.0000 0.6842
vt 0.0204 0.6842
vt 0.0408 0.6842
vt 0.0612 0.6842
vt 0.0816 0.6842
vt 0.1020 0.6842
vt 0.1224 0.6842
vt 0.1429 0.6842
vt 0.1633 0.6842
vt 0.1837 0.6842
vt 0.2041 0.6842
vt 0.2245 0.6842
vt 0.2449 0.6842
vt 0.2653 0.6842
vt 0.2857 0.6842
vt 0.3061 0.6842
vt 0.3265 0.6842
vt 0.3469 0.6842
vt 0.3673 0.6842
vt 0.3878 0.6842
vt 0.4082 0.6842
vt 0.4286 0.6842
vt 0.4490 0.6842
vt 0.4694 0.6842
vt 0.4898 0.6842
vt 0.5102 0.6842
vt 0.5306 0.6842
vt 0.5510 0.6842
vt 0.5714 0.6842
vt 0.5918 0.6842
vt 0.6122 0.6842
vt 0.6327 0.6842
vt 0.6531 0.6842
vt 0.6735 0.6842
vt 0.6939 0.6842
vt 0.7143 0.6842
vt 0.7347 0.6842
vt 0.7551 0.6842
vt 0.7755 0.6842
vt 0.7959 0.6842
vt 0.8163 0.6842
vt 0.8367 0.6842
vt 0.8571 0.6842
vt 0.8776 0.6842
vt 0.8980 0.6842
vt 0.9184 0.6842
vt 0.9388 0.6842
vt 0.9592 0.6842
vt 0.9796 0.6842
vt 1.0000 0.6842
vt 0.0000 0.7368
vt 0.0204 0.7368
vt 0.0408 0.7368
vt 0.0612 0.7368
vt 0.0816 0.7368
vt 0.1020 0.7368
vt 0.1224 0.7368
vt 0.1429 0.7368
vt 0.1633 0.7368
vt 0.1837 0.7368
vt 0.2041 0.7368
vt 0.2245 0.7368
vt 0.2449 0.7368
vt 0.2653 0.7368
vt 0.2857 0.7368
vt 0.3061 0.7368
vt 0.3265 0.7368
vt 0.3469 0.7368
vt 0.3673 0.7368
vt 0.3878 0.7368
vt 0.4082 0.7368
vt 0.4286 0.7368
vt 0.4490 0.7368
vt 0.4694 0.7368
vt 0.4898 0.7368
vt 0.5102 0.7368
vt 0.5306 0.7368
vt 0.5510 0.7368
vt 0.5714 0.7368
vt 0.5918 0.7368
vt 0.6122 0.7368
vt 0.6327 0.7368
vt 0.6531 0.7368
vt 0.6735 0.7368
vt 0.6939 0.7368
vt 0.7143 0.7368
vt 0.7347 0.7368
vt 0.7551 0.7368
vt 0.7755 0.7368
vt 0.7959 0.7368
vt 0.8163 0.7368
vt 0.8367 0.7368
vt 0.8571 0.7368
vt 0.8776 0.7368
vt 0.8980 0.7368
vt 0.9184 0.7368
vt 0.9388 0.7368
vt 0.9592 0.7368
vt 0.9796 0.7368
vt 1.0000 0.7368
vt 0.0000 0.7895
vt 0.0204 0.7895
vt 0.0408 0.7895
vt 0.0612 0.7895
vt 0.0816 0.7895
vt 0.1020 0.7895
vt 0.1224 0.7895
vt 0.1429 0.7895
vt 0.1633 0.7895
vt 0.1837 0.7895
vt 0.2041 0.7895
vt 0.2245 0.7895
vt 0.2449 0.7895
vt 0.2653 0.7895
vt 0.2857 0.7895
vt 0.3061 0.7895
vt 0.3265 0.7895
vt 0.3469 0.7895
vt 0.3673 0.7895
vt 0.3878 0.7895
vt 0.4082 0.7895
vt 0.4286 0.7895
vt 0.4490 0.7895
vt 0.4694 0.7895
vt 0.4898 0.7895
vt 0.5102 0.7895
vt 0.5306 0.7895
vt 0.5510 0.7895
vt 0.5714 0.7895
vt 0.5918 0.7895
vt 0.6122 0.7895
vt 0.6327 0.7895
vt 0.6531 0.7895
vt 0.6735 0.7895
vt 0.6939 0.7895
vt 0.7143 0.7895
vt 0.7347 0.7895
vt 0.7551 0.7895
vt 0.7755 0.7895
vt 0.7959 0.7895
vt 0.8163 0.7895
vt 0.8367 0.7895
vt 0.8571 0.7895
vt 0.8776 0.7895
vt 0.8980 0.7895
vt 0.9184 0.7895
vt 0.9388 0.7895
vt 0.9592 0.7895
vt 0.9796 0.7895
vt 1.0000 0.7895
vt 0.0000 0.8421
vt 0.0204 0.8421
vt 0.0408 0.8421
vt 0.0612 0.8421
vt 0.0816 0.8421
vt 0.1020 0.8421
vt 0.1224 0.8421
vt 0.1429 0.8421
vt 0.1633 0.8421
vt 0.1837 0.8421
vt 0.2041 0.8421
vt 0.2245 0.8421
vt 0.2449 0.8421
vt 0.2653 0.8421
vt 0.2857 0.8421
vt 0.3061 0.8421
vt 0.3265 0.8421
vt 0.3469 0.8421
vt 0.3673 0.8421
vt 0.3878 0.8421
vt 0.4082 0.8421
vt 0.4286 0.8421
vt 0.4490 0.8421
vt 0.4694 0.8421
vt 0.4898 0.8421
vt 0.5102 0.8421
vt 0.5306 0.8421
vt 0.5510 0.8421
vt 0.5714 0.8421
vt 0.5918 0.8421
vt 0.6122 0.8421
vt 0.6327 0.8421
vt 0.6531 0.8421
vt 0.6735 0.8421
vt 0.6939 0.8421
vt 0.7143 0.8421
vt 0.7347 0.8421
vt 0.7551 0.8421
vt 0.7755 0.8421
vt 0.7959 0.8421
vt 0.8163 0.8421
vt 0.8367 0.8421
vt 0.8571 0.8421
vt 0.8776 0.8421
vt 0.8980 0.8421
vt 0.9184 0.8421
vt 0.9388 0.8421
vt 0.9592 0.8421
vt 0.9796 0.8421
vt 1.0000 0.8421
vt 0.0000 0.8947
vt 0.0204 0.8947
vt 0.0408 0.8947
vt 0.0612 0.8947
vt 0.0816 0.8947
vt 0.1020 0.8947
vt 0.1224 0.8947
vt 0.1429 0.8947
vt 0.1633 0.8947
vt 0.1837 0.8947
vt 0.2041 0.8947
vt 0.2245 0.8947
vt 0.2449 0.8947
vt 0.2653 0.8947
vt 0.2857 0.8947
vt 0.3061 0.8947
vt 0.3265 0.8947
vt 0.3469 0.8947
vt 0.3673 0.8947
vt 0.3878 0.8947
vt 0.4082 0.8947
vt 0.4286 0.8947
vt 0.4490 0.8947
vt 0.4694 0.8947
vt 0.4898 0.8947
vt 0.5102 0.8947
vt 0.5306 0.8947
vt 0.5510 0.8947
vt 0.5714 0.8947
vt 0.5918 0.8947
vt 0.6122 0.8947
vt 0.6327 0.8947
vt 0.6531 0.8947
vt 0.6735 0.8947
vt 0.6939 0.8947
vt 0.7143 0.8947
vt 0.7347 0.8947
vt 0.7551 0.8947
vt 0.7755 0.8947
vt 0.7959 0.8947
vt 0.8163 0.8947
vt 0.8367 0.8947
vt 0.8571 0.8947
vt 0.8776 0.8947
vt 0.8980 0.8947
vt 0.9184 0.8947
vt 0.9388 0.8947
vt 0.9592 0.8947
vt 0.9796 0.8947
vt 1.0000 0.8947
vt 0.0000 0.9474
vt 0.0204 0.9474
vt 0.0408 0.9474
vt 0.0612 0.9474
vt 0.0816 0.9474
vt 0.1020 0.9474
vt 0.1224 0.9474
vt 0.1429 0.9474
vt 0.1633 0.9474
vt 0.1837 0.9474
vt 0.2041 0.9474
vt 0.2245 0.9474
vt 0.2449 0.9474
vt 0.2653 0.9474
vt 0.2857 0.9474
vt 0.3061 0.9474
vt 0.3265 0.9474
vt 0.3469 0.9474
vt 0.3673 0.9474
vt 0.3878 0.9474
vt 0.4082 0.9474
vt 0.4286 0.9474
vt 0.4490 0.9474
vt 0.4694 0.9474
vt 0.4898 0.9474
vt 0.5102 0.9474
vt 0.5306 0.9474
vt 0.5510 0.9474
vt 0.5714 0.9474
vt 0.5918 0.9474
vt 0.6122 0.9474
vt 0.6327 0.9474
vt 0.6531 0.9474
vt 0.6735 0.9474
vt 0.6939 0.9474
vt 0.7143 0.9474
vt 0.7347 0.9474
vt 0.7551 0.9474
vt 0.7755 0.9474
vt 0.7959 0.9474
vt 0.8163 0.9474
vt 0.8367 0.9474
vt 0.8571 0.9474
vt 0.8776 0.9474
vt 0.8980 0.9474
vt 0.9184 0.9474
vt 0.9388 0.9474
vt 0.9592 0.9474
vt 0.9796 0.9474
vt 1.0000 0.9474
vt 0.0000 1.0000
vt 0.0204 1.0000
vt 0.0408 1.0000
vt 0.0612 1.0000
vt 0.0816 1.0000
vt 0.1020 1.0000
vt 0.1224 1.0000
vt 0.1429 1.0000
vt 0.1633 1.0000
vt 0.1837 1.0000
vt 0.2041 1.0000
vt 0.2245 1.0000
vt 0.2449 1.0000
vt 0.2653 1.0000
vt 0.2857 1.0000
vt 0.3061 1.0000
vt 0.3265 1.0000
vt 0.3469 1.0000
vt 0.3673 1.0000
vt 0.3878 1.0000
vt 0.4082 1.0000
vt 0.4286 1.0000
vt 0.4490 1.0000
vt 0.4694 1.0000
vt 0.4898 1.0000
vt 0.5102 1.0000
vt 0.5306 1.0000
vt 0.5510 1.0000
vt 0.5714 1.0000
vt 0.5918 1.0000
vt 0.6122 1.0000
vt 0.6327 1.0000
vt 0.6531 1.0000
vt 0.6735 1.0000
vt 0.6939 1.0000
vt 0.7143 1.0000
vt 0.7347 1.0000
vt 0.7551 1.0000
vt 0.7755 1.0000
vt 0.7959 1.0000
vt 0.8163 1.0000
vt 0.8367 1.0000
vt 0.8571 1.0000
vt 0.8776 1.0000
vt 0.8980 1.0000
vt 0.9184 1.0000
vt 0.9388 1.0000
vt 0.9592 1.0000
vt 0.9796 1.0000
vt 1.0000 1.0000
vn 0.0 0.0 1.0
vn 0.0 0.0 1.0
vn 0.0 0.0 1.0
vn 0.0 0.0 1.0
vn 0.0 0.0 1.0
vn 0.0 0.0 1.0
vn 0.0 0.0 1.0
vn 0.0 0.0 1.0
vn 0.0 0.0 1.0
vn 0.0 0.0 1.0
vn 0.0 0.0 1.0
vn 0.0 0.0 1.0
vn 0.0 0.0 1.0
vn 0.0 0.0 1.0
vn 0.0 0.0 1.0
vn 0.0 0.0 1.0
vn 0.0 0.0 1.0
vn 0.0 0.0 1.0
vn 0.0 0.0 1.0
vn 0.0 0.0 1.0
vn 0.0 0.0 1.0
vn 0.0 0.0 1.0
vn 0.0 0.0 1.0
vn 0.0 0.0 1.0
vn 0.0 0.0 1.0
vn 0.0 0.0 1.0
vn 0.0 0.0 1.0
vn 0.0 0.0 1.0
vn 0.0 0.0 1.0
vn 0.0 0.0 1.0
vn 0.0 0.0 1.0
vn 0.0 0.0 1.0
vn 0.0 0.0 1.0
vn 0.0 0.0 1.0
vn 0.0 0.0 1.0
vn 0.0 0.0 1.0
vn 0.0 0.0 1.0
vn 0.0 0.0 1.0
vn 0.0 0.0 1.0
vn 0.0 0.0 1.0
vn 0.0 0.0 1.0
vn 0.0 0.0 1.0
vn 0.0 0.0 1.0
vn 0.0 0.0 1.0
vn 0.0 0.0 1.0
vn 0.0 0.0 1.0
vn 0.0 0.0 1.0
vn 0.0 0.0 1.0
vn 0.0 0.0 1.0
vn 0.0 0.0 1.0
vn 0.0 0.0 1.0
vn 0.0 0.0 1.0
vn 0.0 0.0 1.0
vn 0.0 0.0 1.0
vn 0.0 0.0 1.0
vn 0.0 0.0 1.0
vn 0.0 0.0 1.0
vn 0.0 0.0 1.0
vn 0.0 0.0 1.0
vn 0.0 0.0 1.0
vn 0.0 0.0 1.0
vn 0.0 0.0 1.0
vn 0.0 0.0 1.0
vn 0.0 0.0 1.0
vn 0.0 0.0 1.0
vn 0.0 0.0 1.0
vn 0.0 0.0 1.0
vn 0.0 0.0 1.0
vn 0.0 0.0 1.0
vn 0.0 0.0 1.0
vn 0.0 0.0 1.0
vn 0.0 0.0 1.0
vn 0.0 0.0 1.0
vn 0.0 0.0 1.0
vn 0.0 0.0 1.0
vn 0.0 0.0 1.0
vn 0.0 0.0 1.0
vn 0.0 0.0 1.0
vn 0.0 0.0 1.0
vn 0.0 0.0 1.0
vn 0.0 0.0 1.0
vn 0.0 0.0 1.0
vn 0.0 0.0 1.0
vn 0.0 0.0 1.0
vn 0.0 0.0 1.0
vn 0.0 0.0 1.0
vn 0.0 0.0 1.0
vn 0.0 0.0 1.0
vn 0.0 0.0 1.0
vn 0.0 0.0 1.0
vn 0.0 0.0 1.0
vn 0.0 0.0 1.0
vn 0.0 0.0 1.0
vn 0.0 0.0 1.0
vn 0.0 0.0 1.0
vn 0.0 0.0 1.0
vn 0.0 0.0 1.0
vn 0.0 0.0 1.0
vn 0.0 0.0 1.0
vn 0.0 0.0 1.0
vn 0.0 0.0 1.0
vn 0.0 0.0 1.0
vn 0.0 0.0 1.0
vn 0.0 0.0 1.0
vn 0.0 0.0 1.0
vn 0.0 0.0 1.0
vn 0.0 0.0 1.0
vn 0.0 0.0 1.0
vn 0.0 0.0 1.0
vn 0.0 0.0 1.0
vn 0.0 0.0 1.0
vn 0.0 0.0 1.0
vn 0.0 0.0 1.0
vn 0.0 0.0 1.0
vn 0.0 0.0 1.0
vn 0.0 0.0 1.0
vn 0.0 0.0 1.0
vn 0.0 0.0 1.0
vn 0.0 0.0 1.0
vn 0.0 0.0 1.0
vn 0.0 0.0 1.0
vn 0.0 0.0 1.0
vn 0.0 0.0 1.0
vn 0.0 0.0 1.0
vn 0.0 0.0 1.0
vn 0.0 0.0 1.0
vn 0.0 0.0 1.0
vn 0.0 0.0 1.0
vn 0.0 0.0 1.0
vn 0.0 0.0 1.0
vn 0.0 0.0 1.0
vn 0.0 0.0 1.0
vn 0.0 0.0 1.0
vn 0.0 0.0 1.0
vn 0.0 0.0 1.0
vn 0.0 0.0 1.0
vn 0.0 0.0 1.0
vn 0.0 0.0 1.0
vn 0.0 0.0 1.0
vn 0.0 0.0 1.0
vn 0.0 0.0 1.0
vn 0.0 0.0 1.0
vn 0.0 0.0 1.0
vn 0.0 0.0 1.0
vn 0.0 0.0 1.0
vn 0.0 0.0 1.0
vn 0.0 0.0 1.0
vn 0.0 0.0 1.0
vn 0.0 0.0 1.0
vn 0.0 0.0 1.0
vn 0.0 0.0 1.0
vn 0.0 0.0 1.0
vn 0.0 0.0 1.0
vn 0.0 0.0 1.0
vn 0.0 0.0 1.0
vn 0.0 0.0 1.0
vn 0.0 0.0 1.0
vn 0.0 0.0 1.0
vn 0.0 0.0 1.0
vn 0.0 0.0 1.0
vn 0.0 0.0 1.0
vn 0.0 0.0 1.0
vn 0.0 0.0 1.0
vn 0.0 0.0 1.0
vn 0.0 0.0 1.0
vn 0.0 0.0 1.0
vn 0.0 0.0 1.0
vn 0.0 0.0 1.0
vn 0.0 0.0 1.0
vn 0.0 0.0 1.0
vn 0.0 0.0 1.0
vn 0.0 0.0 1.0
vn 0.0 0.0 1.0
vn 0.0 0.0 1.0
vn 0.0 0.0 1.0
vn 0.0 0.0 1.0
vn 0.0 0.0 1.0
vn 0.0 0.0 1.0
vn 0.0 0.0 1.0
vn 0.0 0.0 1.0
vn 0.0 0.0 1.0
vn 0.0 0.0 1.0
vn 0.0 0.0 1.0
vn 0.0 0.0 1.0
vn 0.0 0.0 1.0
vn 0.0 0.0 1.0
vn 0.0 0.0 1.0
vn 0.0 0.0 1.0
vn 0.0 0.0 1.0
vn 0.0 0.0 1.0
vn 0.0 0.0 1.0
vn 0.0 0.0 1.0
vn 0.0 0.0 1.0
vn 0.0 0.0 1.0
vn 0.0 0.0 1.0
vn 0.0 0.0 1.0
vn 0.0 0.0 1.0
vn 0.0 0.0 1.0
vn 0.0 0.0 1.0
vn 0.0 0.0 1.0
vn 0.0 0.0 1.0
vn 0.0 0.0 1.0
vn 0.0 0.0 1.0
vn 0.0 0.0 1.0
vn 0.0 0.0 1.0
vn 0.0 0.0 1.0
vn 0.0 0.0 1.0
vn 0.0 0.0 1.0
vn 0.0 0.0 1.0
vn 0.0 0.0 1.0
vn 0.0 0.0 1.0
vn 0.0 0.0 1.0
vn 0.0 0.0 1.0
vn 0.0 0.0 1.0
vn 0.0 0.0 1.0
vn 0.0 0.0 1.0
vn 0.0 0.0 1.0
vn 0.0 0.0 1.0
vn 0.0 0.0 1.0
vn 0.0 0.0 1.0
vn 0.0 0.0 1.0
vn 0.0 0.0 1.0
vn 0.0 0.0 1.0
vn 0.0 0.0 1.0
vn 0.0 0.0 1.0
vn 0.0 0.0 1.0
vn 0.0 0.0 1.0
vn 0.0 0.0 1.0
vn 0.0 0.0 1.0
vn 0.0 0.0 1.0
vn 0.0 0.0 1.0
vn 0.0 0.0 1.0
vn 0.0 0.0 1.0
vn 0.0 0.0 1.0
vn 0.0 0.0 1.0
vn 0.0 0.0 1.0
vn 0.0 0.0 1.0
vn 0.0 0.0 1.0
vn 0.0 0.0 1.0
vn 0.0 0.0 1.0
vn 0.0 0.0 1.0
vn 0.0 0.0 1.0
vn 0.0 0.0 1.0
vn 0.0 0.0 1.0
vn 0.0 0.0 1.0
vn 0.0 0.0 1.0
vn 0.0 0.0 1.0
vn 0.0 0.0 1.0
vn 0.0 0.0 1.0
vn 0.0 0.0 1.0
vn 0.0 0.0 1.0
vn 0.0 0.0 1.0
vn 0.0 0.0 1.0
vn 0.0 0.0 1.0
vn 0.0 0.0 1.0
vn 0.0 0.0 1.0
vn 0.0 0.0 1.0
vn 0.0 0.0 1.0
vn 0.0 0.0 1.0
vn 0.0 0.0 1.0
vn 0.0 0.0 1.0
vn 0.0 0.0 1.0
vn 0.0 0.0 1.0
vn 0.0 0.0 1.0
vn 0.0 0.0 1.0
vn 0.0 0.0 1.0
vn 0.0 0.0 1.0
vn 0.0 0.0 1.0
vn 0.0 0.0 1.0
vn 0.0 0.0 1.0
vn 0.0 0.0 1.0
vn 0.0 0.0 1.0
vn 0.0 0.0 1.0
vn 0.0 0.0 1.0
vn 0.0 0.0 1.0
vn 0.0 0.0 1.0
vn 0.0 0.0 1.0
vn 0.0 0.0 1.0
vn 0.0 0.0 1.0
vn 0.0 0.0 1.0
vn 0.0 0.0 1.0
vn 0.0 0.0 1.0
vn 0.0 0.0 1.0
vn 0.0 0.0 1.0
vn 0.0 0.0 1.0
vn 0.0 0.0 1.0
vn 0.0 0.0 1.0
vn 0.0 0.0 1.0
vn 0.0 0.0 1.0
vn 0.0 0.0 1.0
vn 0.0 0.0 1.0
vn 0.0 0.0 1.0
vn 0.0 0.0 1.0
vn 0.0 0.0 1.0
vn 0.0 0.0 1.0
vn 0.0 0.0 1.0
vn 0.0 0.0 1.0
vn 0.0 0.0 1.0
vn 0.0 0.0 1.0
vn 0.0 0.0 1.0
vn 0.0 0.0 1.0
vn 0.0 0.0 1.0
vn 0.0 0.0 1.0
vn 0.0 0.0 1.0
vn 0.0 0.0 1.0
vn 0.0 0.0 1.0
vn 0.0 0.0 1.0
vn 0.0 0.0 1.0
vn 0.0 0.0 1.0
vn 0.0 0.0 1.0
vn 0.0 0.0 1.0
vn 0.0 0.0 1.0
vn 0.0 0.0 1.0
vn 0.0 0.0 1.0
vn 0.0 0.0 1.0
vn 0.0 0.0 1.0
vn 0.0 0.0 1.0
vn 0.0 0.0 1.0
vn 0.0 0.0 1.0
vn 0.0 0.0 1.0
vn 0.0 0.0 1.0
vn 0.0 0.0 1.0
vn 0.0 0.0 1.0
vn 0.0 0.0 1.0
vn 0.0 0.0 1.0
vn 0.0 0.0 1.0
vn 0.0 0.0 1.0
vn 0.0 0.0 1.0
vn 0.0 0.0 1.0
vn 0.0 0.0 1.0
vn 0.0 0.0 1.0
vn 0.0 0.0 1.0
vn 0.0 0.0 1.0
vn 0.0 0.0 1.0
vn 0.0 0.0 1.0
vn 0.0 0.0 1.0
vn 0.0 0.0 1.0
vn 0.0 0.0 1.0
vn 0.0 0.0 1.0
vn 0.0 0.0 1.0
vn 0.0 0.0 1.0
vn 0.0 0.0 1.0
vn 0.0 0.0 1.0
vn 0.0 0.0 1.0
vn 0.0 0.0 1.0
vn 0.0 0.0 1.0
vn 0.0 0.0 1.0
vn 0.0 0.0 1.0
vn 0.0 0.0 1.0
vn 0.0 0.0 1.0
vn 0.0 0.0 1.0
vn 0.0 0.0 1.0
vn 0.0 0.0 1.0
vn 0.0 0.0 1.0
vn 0.0 0.0 1.0
vn 0.0 0.0 1.0
vn 0.0 0.0 1.0
vn 0.0 0.0 1.0
vn 0.0 0.0 1.0
vn 0.0 0.0 1.0
vn 0.0 0.0 1.0
vn 0.0 0.0 1.0
vn 0.0 0.0 1.0
vn 0.0 0.0 1.0
vn 0.0 0.0 1.0
vn 0.0 0.0 1.0
vn 0.0 0.0 1.0
vn 0.0 0.0 1.0
vn 0.0 0.0 1.0
vn 0.0 0.0 1.0
vn 0.0 0.0 1.0
vn 0.0 0.0 1.0
vn 0.0 0.0 1.0
vn 0.0 0.0 1.0
vn 0.0 0.0 1.0
vn 0.0 0.0 1.0
vn 0.0 0.0 1.0
vn 0.0 0.0 1.0
vn 0.0 0.0 1.0
vn 0.0 0.0 1.0
vn 0.0 0.0 1.0
vn 0.0 0.0 1.0
vn 0.0 0.0 1.0
vn 0.0 0.0 1.0
vn 0.0 0.0 1.0
vn 0.0 0.0 1.0
vn 0.0 0.0 1.0
vn 0.0 0.0 1.0
vn 0.0 0.0 1.0
vn 0.0 0.0 1.0
vn 0.0 0.0 1.0
vn 0.0 0.0 1.0
vn 0.0 0.0 1.0
vn 0.0 0.0 1.0
vn 0.0 0.0 1.0
vn 0.0 0.0 1.0
vn 0.0 0.0 1.0
vn 0.0 0.0 1.0
vn 0.0 0.0 1.0
vn 0.0 0.0 1.0
vn 0.0 0.0 1.0
vn 0.0 0.0 1.0
vn 0.0 0.0 1.0
vn 0.0 0.0 1.0
vn 0.0 0.0 1.0
vn 0.0 0.0 1.0
vn 0.0 0.0 1.0
vn 0.0 0.0 1.0
vn 0.0 0.0 1.0
vn 0.0 0.0 1.0
vn 0.0 0.0 1.0
vn 0.0 0.0 1.0
vn 0.0 0.0 1.0
vn 0.0 0.0 1.0
vn 0.0 0.0 1.0
vn 0.0 0.0 1.0
vn 0.0 0.0 1.0
vn 0.0 0.0 1.0
vn 0.0 0.0 1.0
vn 0.0 0.0 1.0
vn 0.0 0.0 1.0
vn 0.0 0.0 1.0
vn 0.0 0.0 1.0
vn 0.0 0.0 1.0
vn 0.0 0.0 1.0
vn 0.0 0.0 1.0
vn 0.0 0.0 1.0
vn 0.0 0.0 1.0
vn 0.0 0.0 1.0
vn 0.0 0.0 1.0
vn 0.0 0.0 1.0
vn 0.0 0.0 1.0
vn 0.0 0.0 1.0
vn 0.0 0.0 1.0
vn 0.0 0.0 1.0
vn 0.0 0.0 1.0
vn 0.0 0.0 1.0
vn 0.0 0.0 1.0
vn 0.0 0.0 1.0
vn 0.0 0.0 1.0
vn 0.0 0.0 1.0
vn 0.0 0.0 1.0
vn 0.0 0.0 1.0
vn 0.0 0.0 1.0
vn 0.0 0.0 1.0
vn 0.0 0.0 1.0
vn 0.0 0.0 1.0
vn 0.0 0.0 1.0
vn 0.0 0.0 1.0
vn 0.0 0.0 1.0
vn 0.0 0.0 1.0
vn 0.0 0.0 1.0
vn 0.0 0.0 1.0
vn 0.0 0.0 1.0
vn 0.0 0.0 1.0
vn 0.0 0.0 1.0
vn 0.0 0.0 1.0
vn 0.0 0.0 1.0
vn 0.0 0.0 1.0
vn 0.0 0.0 1.0
vn 0.0 0.0 1.0
vn 0.0 0.0 1.0
vn 0.0 0.0 1.0
vn 0.0 0.0 1.0
vn 0.0 0.0 1.0
vn 0.0 0.0 1.0
vn 0.0 0.0 1.0
vn 0.0 0.0 1.0
vn 0.0 0.0 1.0
vn 0.0 0.0 1.0
vn 0.0 0.0 1.0
vn 0.0 0.0 1.0
vn 0.0 0.0 1.0
vn 0.0 0.0 1.0
vn 0.0 0.0 1.0
vn 0.0 0.0 1.0
vn 0.0 0.0 1.0
vn 0.0 0.0 1.0
vn 0.0 0.0 1.0
vn 0.0 0.0 1.0
vn 0.0 0.0 1.0
vn 0.0 0.0 1.0
vn 0.0 0.0 1.0
vn 0.0 0.0 1.0
vn 0.0 0.0 1.0
vn 0.0 0.0 1.0
vn 0.0 0.0 1.0
vn 0.0 0.0 1.0
vn 0.0 0.0 1.0
vn 0.0 0.0 1.0
vn 0.0 0.0 1.0
vn 0.0 0.0 1.0
vn 0.0 0.0 1.0
vn 0.0 0.0 1.0
vn 0.0 0.0 1.0
vn 0.0 0.0 1.0
vn 0.0 0.0 1.0
vn 0.0 0.0 1.0
vn 0.0 0.0 1.0
vn 0.0 0.0 1.0
vn 0.0 0.0 1.0
vn 0.0 0.0 1.0
vn 0.0 0.0 1.0
vn 0.0 0.0 1.0
vn 0.0 0.0 1.0
vn 0.0 0.0 1.0
vn 0.0 0.0 1.0
vn 0.0 0.0 1.0
vn 0.0 0.0 1.0
vn 0.0 0.0 1.0
vn 0.0 0.0 1.0
vn 0.0 0.0 1.0
vn 0.0 0.0 1.0
vn 0.0 0.0 1.0
vn 0.0 0.0 1.0
vn 0.0 0.0 1.0
vn 0.0 0.0 1.0
vn 0.0 0.0 1.0
vn 0.0 0.0 1.0
vn 0.0 0.0 1.0
vn 0.0 0.0 1.0
vn 0.0 0.0 1.0
vn 0.0 0.0 1.0
vn 0.0 0.0 1.0
vn 0.0 0.0 1.0
vn 0.0 0.0 1.0
vn 0.0 0.0 1.0
vn 0.0 0.0 1.0
vn 0.0 0.0 1.0
vn 0.0 0.0 1.0
vn 0.0 0.0 1.0
vn 0.0 0.0 1.0
vn 0.0 0.0 1.0
vn 0.0 0.0 1.0
vn 0.0 0.0 1.0
vn 0.0 0.0 1.0
vn 0.0 0.0 1.0
vn 0.0 0.0 1.0
vn 0.0 0.0 1.0
vn 0.0 0.0 1.0
vn 0.0 0.0 1.0
vn 0.0 0.0 1.0
vn 0.0 0.0 1.0
vn 0.0 0.0 1.0
vn 0.0 0.0 1.0
vn 0.0 0.0 1.0
vn 0.0 0.0 1.0
vn 0.0 0.0 1.0
vn 0.0 0.0 1.0
vn 0.0 0.0 1.0
vn 0.0 0.0 1.0
vn 0.0 0.0 1.0
vn 0.0 0.0 1.0
vn 0.0 0.0 1.0
vn 0.0 0.0 1.0
vn 0.0 0.0 1.0
vn 0.0 0.0 1.0
vn 0.0 0.0 1.0
vn 0.0 0.0 1.0
vn 0.0 0.0 1.0
vn 0.0 0.0 1.0
vn 0.0 0.0 1.0
vn 0.0 0.0 1.0
vn 0.0 0.0 1.0
vn 0.0 0.0 1.0
vn 0.0 0.0 1.0
vn 0.0 0.0 1.0
vn 0.0 0.0 1.0
vn 0.0 0.0 1.0
vn 0.0 0.0 1.0
vn 0.0 0.0 1.0
vn 0.0 0.0 1.0
vn 0.0 0.0 1.0
vn 0.0 0.0 1.0
vn 0.0 0.0 1.0
vn 0.0 0.0 1.0
vn 0.0 0.0 1.0
vn 0.0 0.0 1.0
vn 0.0 0.0 1.0
vn 0.0 0.0 1.0
vn 0.0 0.0 1.0
vn 0.0 0.0 1.0
vn 0.0 0.0 1.0
vn 0.0 0.0 1.0
vn 0.0 0.0 1.0
vn 0.0 0.0 1.0
vn 0.0 0.0 1.0
vn 0.0 0.0 1.0
vn 0.0 0.0 1.0
vn 0.0 0.0 1.0
vn 0.0 0.0 1.0
vn 0.0 0.0 1.0
vn 0.0 0.0 1.0
vn 0.0 0.0 1.0
vn 0.0 0.0 1.0
vn 0.0 0.0 1.0
vn 0.0 0.0 1.0
vn 0.0 0.0 1.0
vn 0.0 0.0 1.0
vn 0.0 0.0 1.0
vn 0.0 0.0 1.0
vn 0.0 0.0 1.0
vn 0.0 0.0 1.0
vn 0.0 0.0 1.0
vn 0.0 0.0 1.0
vn 0.0 0.0 1.0
vn 0.0 0.0 1.0
vn 0.0 0.0 1.0
vn 0.0 0.0 1.0
vn 0.0 0.0 1.0
vn 0.0 0.0 1.0
vn 0.0 0.0 1.0
vn 0.0 0.0 1.0
vn 0.0 0.0 1.0
vn 0.0 0.0 1.0
vn 0.0 0.0 1.0
vn 0.0 0.0 1.0
vn 0.0 0.0 1.0
vn 0.0 0.0 1.0
vn 0.0 0.0 1.0
vn 0.0 0.0 1.0
vn 0.0 0.0 1.0
vn 0.0 0.0 1.0
vn 0.0 0.0 1.0
vn 0.0 0.0 1.0
vn 0.0 0.0 1.0
vn 0.0 0.0 1.0
vn 0.0 0.0 1.0
vn 0.0 0.0 1.0
vn 0.0 0.0 1.0
vn 0.0 0.0 1.0
vn 0.0 0.0 1.0
vn 0.0 0.0 1.0
vn 0.0 0.0 1.0
vn 0.0 0.0 1.0
vn 0.0 0.0 1.0
vn 0.0 0.0 1.0
vn 0.0 0.0 1.0
vn 0.0 0.0 1.0
vn 0.0 0.0 1.0
vn 0.0 0.0 1.0
vn 0.0 0.0 1.0
vn 0.0 0.0 1.0
vn 0.0 0.0 1.0
vn 0.0 0.0 1.0
vn 0.0 0.0 1.0
vn 0.0 0.0 1.0
vn 0.0 0.0 1.0
vn 0.0 0.0 1.0
vn 0.0 0.0 1.0
vn 0.0 0.0 1.0
vn 0.0 0.0 1.0
vn 0.0 0.0 1.0
vn 0.0 0.0 1.0
vn 0.0 0.0 1.0
vn 0.0 0.0 1.0
vn 0.0 0.0 1.0
vn 0.0 0.0 1.0
vn 0.0 0.0 1.0
vn 0.0 0.0 1.0
vn 0.0 0.0 1.0
vn 0.0 0.0 1.0
vn 0.0 0.0 1.0
vn 0.0 0.0 1.0
vn 0.0 0.0 1.0
vn 0.0 0.0 1.0
vn 0.0 0.0 1.0
vn 0.0 0.0 1.0
vn 0.0 0.0 1.0
vn 0.0 0.0 1.0
vn 0.0 0.0 1.0
vn 0.0 0.0 1.0
vn 0.0 0.0 1.0
vn 0.0 0.0 1.0
vn 0.0 0.0 1.0
vn 0.0 0.0 1.0
vn 0.0 0.0 1.0
vn 0.0 0.0 1.0
vn 0.0 0.0 1.0
vn 0.0 0.0 1.0
vn 0.0 0.0 1.0
vn 0.0 0.0 1.0
vn 0.0 0.0 1.0
vn 0.0 0.0 1.0
vn 0.0 0.0 1.0
vn 0.0 0.0 1.0
vn 0.0 0.0 1.0
vn 0.0 0.0 1.0
vn 0.0 0.0 1.0
vn 0.0 0.0 1.0
vn 0.0 0.0 1.0
vn 0.0 0.0 1.0
vn 0.0 0.0 1.0
vn 0.0 0.0 1.0
vn 0.0 0.0 1.0
vn 0.0 0.0 1.0
vn 0.0 0.0 1.0
vn 0.0 0.0 1.0
vn 0.0 0.0 1.0
vn 0.0 0.0 1.0
vn 0.0 0.0 1.0
vn 0.0 0.0 1.0
vn 0.0 0.0 1.0
vn 0.0 0.0 1.0
vn 0.0 0.0 1.0
vn 0.0 0.0 1.0
vn 0.0 0.0 1.0
vn 0.0 0.0 1.0
vn 0.0 0.0 1.0
vn 0.0 0.0 1.0
vn 0.0 0.0 1.0
vn 0.0 0.0 1.0
vn 0.0 0.0 1.0
vn 0.0 0.0 1.0
vn 0.0 0.0 1.0
vn 0.0 0.0 1.0
vn 0.0 0.0 1.0
vn 0.0 0.0 1.0
vn 0.0 0.0 1.0
vn 0.0 0.0 1.0
vn 0.0 0.0 1.0
vn 0.0 0.0 1.0
vn 0.0 0.0 1.0
vn 0.0 0.0 1.0
vn 0.0 0.0 1.0
vn 0.0 0.0 1.0
vn 0.0 0.0 1.0
vn 0.0 0.0 1.0
vn 0.0 0.0 1.0
vn 0.0 0.0 1.0
vn 0.0 0.0 1.0
vn 0.0 0.0 1.0
vn 0.0 0.0 1.0
vn 0.0 0.0 1.0
vn 0.0 0.0 1.0
vn 0.0 0.0 1.0
vn 0.0 0.0 1.0
vn 0.0 0.0 1.0
vn 0.0 0.0 1.0
vn 0.0 0.0 1.0
vn 0.0 0.0 1.0
vn 0.0 0.0 1.0
vn 0.0 0.0 1.0
vn 0.0 0.0 1.0
vn 0.0 0.0 1.0
vn 0.0 0.0 1.0
vn 0.0 0.0 1.0
vn 0.0 0.0 1.0
vn 0.0 0.0 1.0
vn 0.0 0.0 1.0
vn 0.0 0.0 1.0
vn 0.0 0.0 1.0
vn 0.0 0.0 1.0
vn 0.0 0.0 1.0
vn 0.0 0.0 1.0
vn 0.0 0.0 1.0
vn 0.0 0.0 1.0
vn 0.0 0.0 1.0
vn 0.0 0.0 1.0
vn 0.0 0.0 1.0
vn 0.0 0.0 1.0
vn 0.0 0.0 1.0
vn 0.0 0.0 1.0
vn 0.0 0.0 1.0
vn 0.0 0.0 1.0
vn 0.0 0.0 1.0
vn 0.0 0.0 1.0
vn 0.0 0.0 1.0
vn 0.0 0.0 1.0
vn 0.0 0.0 1.0
vn 0.0 0.0 1.0
vn 0.0 0.0 1.0
vn 0.0 0.0 1.0
vn 0.0 0.0 1.0
vn 0.0 0.0 1.0
vn 0.0 0.0 1.0
vn 0.0 0.0 1.0
vn 0.0 0.0 1.0
vn 0.0 0.0 1.0
vn 0.0 0.0 1.0
vn 0.0 0.0 1.0
vn 0.0 0.0 1.0
vn 0.0 0.0 1.0
vn 0.0 0.0 1.0
vn 0.0 0.0 1.0
vn 0.0 0.0 1.0
vn 0.0 0.0 1.0
vn 0.0 0.0 1.0
vn 0.0 0.0 1.0
vn 0.0 0.0 1.0
vn 0.0 0.0 1.0
vn 0.0 0.0 1.0
vn 0.0 0.0 1.0
vn 0.0 0.0 1.0
vn 0.0 0.0 1.0
vn 0.0 0.0 1.0
vn 0.0 0.0 1.0
vn 0.0 0.0 1.0
vn 0.0 0.0 1.0
vn 0.0 0.0 1.0
vn 0.0 0.0 1.0
vn 0.0 0.0 1.0
vn 0.0 0.0 1.0
vn 0.0 0.0 1.0
vn 0.0 0.0 1.0
vn 0.0 0.0 1.0
vn 0.0 0.0 1.0
vn 0.0 0.0 1.0
vn 0.0 0.0 1.0
vn 0.0 0.0 1.0
vn 0.0 0.0 1.0
vn 0.0 0.0 1.0
vn 0.0 0.0 1.0
vn 0.0 0.0 1.0
vn 0.0 0.0 1.0
vn 0.0 0.0 1.0
vn 0.0 0.0 1.0
vn 0.0 0.0 1.0
vn 0.0 0.0 1.0
vn 0.0 0.0 1.0
vn 0.0 0.0 1.0
vn 0.0 0.0 1.0
vn 0.0 0.0 1.0
vn 0.0 0.0 1.0
vn 0.0 0.0 1.0
vn 0.0 0.0 1.0
vn 0.0 0.0 1.0
vn 0.0 0.0 1.0
vn 0.0 0.0 1.0
vn 0.0 0.0 1.0
vn 0.0 0.0 1.0
vn 0.0 0.0 1.0
vn 0.0 0.0 1.0
vn 0.0 0.0 1.0
vn 0.0 0.0 1.0
vn 0.0 0.0 1.0
vn 0.0 0.0 1.0
vn 0.0 0.0 1.0
vn 0.0 0.0 1.0
vn 0.0 0.0 1.0
vn 0.0 0.0 1.0
vn 0.0 0.0 1.0
vn 0.0 0.0 1.0
vn 0.0 0.0 1.0
vn 0.0 0.0 1.0
vn 0.0 0.0 1.0
vn 0.0 0.0 1.0
vn 0.0 0.0 1.0
vn 0.0 0.0 1.0
vn 0.0 0.0 1.0
vn 0.0 0.0 1.0
vn 0.0 0.0 1.0
vn 0.0 0.0 1.0
vn 0.0 0.0 1.0
vn 0.0 0.0 1.0
vn 0.0 0.0 1.0
vn 0.0 0.0 1.0
vn 0.0 0.0 1.0
vn 0.0 0.0 1.0
vn 0.0 0.0 1.0
vn 0.0 0.0 1.0
vn 0.0 0.0 1.0
vn 0.0 0.0 1.0
vn 0.0 0.0 1.0
vn 0.0 0.0 1.0
vn 0.0 0.0 1.0
vn 0.0 0.0 1.0
vn 0.0 0.0 1.0
vn 0.0 0.0 1.0
vn 0.0 0.0 1.0
vn 0.0 0.0 1.0
vn 0.0 0.0 1.0
vn 0.0 0.0 1.0
vn 0.0 0.0 1.0
vn 0.0 0.0 1.0
vn 0.0 0.0 1.0
vn 0.0 0.0 1.0
vn 0.0 0.0 1.0
vn 0.0 0.0 1.0
vn 0.0 0.0 1.0
vn 0.0 0.0 1.0
vn 0.0 0.0 1.0
vn 0.0 0.0 1.0
vn 0.0 0.0 1.0
vn 0.0 0.0 1.0
vn 0.0 0.0 1.0
vn 0.0 0.0 1.0
vn 0.0 0.0 1.0
vn 0.0 0.0 1.0
vn 0.0 0.0 1.0
vn 0.0 0.0 1.0
vn 0.0 0.0 1.0
vn 0.0 0.0 1.0
vn 0.0 0.0 1.0
vn 0.0 0.0 1.0
vn 0.0 0.0 1.0
vn 0.0 0.0 1.0
vn 0.0 0.0 1.0
vn 0.0 0.0 1.0
vn 0.0 0.0 1.0
vn 0.0 0.0 1.0
vn 0.0 0.0 1.0
vn 0.0 0.0 1.0
vn 0.0 0.0 1.0
vn 0.0 0.0 1.0
vn 0.0 0.0 1.0
vn 0.0 0.0 1.0
vn 0.0 0.0 1.0
vn 0.0 0.0 1.0
vn 0.0 0.0 1.0
vn 0.0 0.0 1.0
vn 0.0 0.0 1.0
vn 0.0 0.0 1.0
vn 0.0 0.0 1.0
vn 0.0 0.0 1.0
vn 0.0 0.0 1.0
vn 0.0 0.0 1.0
vn 0.0 0.0 1.0
vn 0.0 0.0 1.0
vn 0.0 0.0 1.0
vn 0.0 0.0 1.0
vn 0.0 0.0 1.0
vn 0.0 0.0 1.0
vn 0.0 0.0 1.0
vn 0.0 0.0 1.0
vn 0.0 0.0 1.0
vn 0.0 0.0 1.0
vn 0.0 0.0 1.0
vn 0.0 0.0 1.0
vn 0.0 0.0 1.0
vn 0.0 0.0 1.0
vn 0.0 0.0 1.0
vn 0.0 0.0 1.0
vn 0.0 0.0 1.0
vn 0.0 0.0 1.0
vn 0.0 0.0 1.0
vn 0.0 0.0 1.0
vn 0.0 0.0 1.0
vn 0.0 0.0 1.0
vn 0.0 0.0 1.0
vn 0.0 0.0 1.0
vn 0.0 0.0 1.0
vn 0.0 0.0 1.0
vn 0.0 0.0 1.0
vn 0.0 0.0 1.0
vn 0.0 0.0 1.0
vn 0.0 0.0 1.0
vn 0.0 0.0 1.0
vn 0.0 0.0 1.0
vn 0.0 0.0 1.0
vn 0.0 0.0 1.0
vn 0.0 0.0 1.0
vn 0.0 0.0 1.0
vn 0.0 0.0 1.0
vn 0.0 0.0 1.0
vn 0.0 0.0 1.0
vn 0.0 0.0 1.0
vn 0.0 0.0 1.0
vn 0.0 0.0 1.0
vn 0.0 0.0 1.0
vn 0.0 0.0 1.0
vn 0.0 0.0 1.0
vn 0.0 0.0 1.0
vn 0.0 0.0 1.0
vn 0.0 0.0 1.0
vn 0.0 0.0 1.0
vn 0.0 0.0 1.0
vn 0.0 0.0 1.0
vn 0.0 0.0 1.0
vn 0.0 0.0 1.0
vn 0.0 0.0 1.0
vn 0.0 0.0 1.0
vn 0.0 0.0 1.0
vn 0.0 0.0 1.0
vn 0.0 0.0 1.0
vn 0.0 0.0 1.0
vn 0.0 0.0 1.0
vn 0.0 0.0 1.0
vn 0.0 0.0 1.0
vn 0.0 0.0 1.0
vn 0.0 0.0 1.0
vn 0.0 0.0 1.0
vn 0.0 0.0 1.0
vn 0.0 0.0 1.0
vn 0.0 0.0 1.0
vn 0.0 0.0 1.0
vn 0.0 0.0 1.0
vn 0.0 0.0 1.0
vn 0.0 0.0 1.0
vn 0.0 0.0 1.0
vn 0.0 0.0 1.0
vn 0.0 0.0 1.0
vn 0.0 0.0 1.0
vn 0.0 0.0 1.0
vn 0.0 0.0 1.0
vn 0.0 0.0 1.0
vn 0.0 0.0 1.0
vn 0.0 0.0 1.0
vn 0.0 0.0 1.0
vn 0.0 0.0 1.0

usemtl Material.001
f 26/26/26 27/27/27 76/76/76
f 27/27/27 77/77/77 76/76/76
f 27/27/27 28/28/28 77/77/77
f 28/28/28 78/78/78 77/77/77
f 28/28/28 29/29/29 78/78/78
f 29/29/29 79/79/79 78/78/78
f 29/29/29 30/30/30 79/79/79
f 30/30/30 80/80/80 79/79/79
f 30/30/30 31/31/31 80/80/80
f 31/31/31 81/81/81 80/80/80
f 31/31/31 32/32/32 81/81/81
f 32/32/32 82/82/82 81/81/81
f 32/32/32 33/33/33 82/82/82
f 33/33/33 83/83/83 82/82/82
f 33/33/33 34/34/34 83/83/83
f 34/34/34 84/84/84 83/83/83
f 34/34/34 35/35/35 84/84/84
f 35/35/35 85/85/85 84/84/84
f 35/35/35 36/36/36 85/85/85
f 36/36/36 86/86/86 85/85/85
f 36/36/36 37/37/37 86/86/86
f 37/37/37 87/87/87 86/86/86
f 37/37/37 38/38/38 87/87/87
f 38/38/38 88/88/88 87/87/87
f 38/38/38 39/39/39 88/88/88
f 39/39/39 89/89/89 88/88/88
f 39/39/39 40/40/40 89/89/89
f 40/40/40 90/90/90 89/89/89
f 40/40/40 41/41/41 90/90/90
f 41/41/41 91/91/91 90/90/90
f 41/41/41 42/42/42 91/91/91
f 42/42/42 92/92/92 91/91/91
f 42/42/42 43/43/43 92/92/92
f 43/43/43 93/93/93 92/92/92
f 43/43/43 44/44/44 93/93/93
f 44/44/44 94/94/94 93/93/93
f 44/44/44 45/45/45 94/94/94
f 45/45/45 95/95/95 94/94/94
f 45/45/45 46/46/46 95/95/95
f 46/46/46 96/96/96 95/95/95
f 46/46/46 47/47/47 96/96/96
f 47/47/47 97/97/97 96/96/96
f 47/47/47 48/48/48 97/97/97
f 48/48/48 98/98/98 97/97/97
f 48/48/48 49/49/49 98/98/98
f 49/49/49 99/99/99 98/98/98
f 49/49/49 50/50/50 99/99/99
f 50/50/50 100/100/100 99/99/99
f 76/76/76 77/77/77 126/126/126
f 77/77/77 127/127/127 126/126/126
f 77/77/77 78/78/78 127/127/127
f 78/78/78 128/128/128 127/127/127
f 78/78/78 79/79/79 128/128/128
f 79/79/79 129/129/129 128/128/128
f 79/79/79 80/80/80 129/129/129
f 80/80/80 130/130/130 129/129/129
f 80/80/80 81/81/81 130/130/130
f 81/81/81 131/131/131 130/130/130
f 81/81/81 82/82/82 131/131/131
f 82/82/82 132/132/132 131/131/131
f 82/82/82 83/83/83 132/132/132
f 83/83/83 133/133/133 132/132/132
f 83/83/83 84/84/84 133/133/133
f 84/84/84 134/134/134 133/133/133
f 84/84/84 85/85/85 134/134/134
f 85/85/85 135/135/135 134/134/134
f 85/85/85 86/86/86 135/135/135
f 86/86/86 136/136/136 135/135/135
f 86/86/86 87/87/87 136/136/136
f 87/87/87 137/137/137 136/136/136
f 87/87/87 88/88/88 137/137/137
f 88/88/88 138/138/138 137/137/137
f 88/88/88 89/89/89 138/138/138
f 89/89/89 139/139/139 138/138/138
f 89/89/89 90/90/90 139/139/139
f 90/90/90 140/140/140 139/139/139
f 90/90/90 91/91/91 140/140/140
f 91/91/91 141/141/141 140/140/140
f 91/91/91 92/92/92 141/141/141
f 92/92/92 142/142/142 141/141/141
f 92/92/92 93/93/93 142/142/142
f 93/93/93 143/143/143 142/142/142
f 93/93/93 94/94/94 143/143/143
f 94/94/94 144/144/144 143/143/143
f 94/94/94 95/95/95 144/144/144
f 95/95/95 145/145/145 144/144/144
f 95/95/95 96/96/96 145/145/145
f 96/96/96 146/146/146 145/145/145
f 96/96/96 97/97/97 146/146/146
f 97/97/97 147/147/147 146/146/146
f 97/97/97 98/98/98 147/147/147
f 98/98/98 148/148/148 147/147/147
f 98/98/98 99/99/99 148/148/148
f 99/99/99 149/149/149 148/148/148
f 99/99/99 100/100/100 149/149/149
f 100/100/100 150/150/150 149/149/149
f 126/126/126 127/127/127 176/176/176
f 127/127/127 177/177/177 176/176/176
f 127/127/127 128/128/128 177/177/177
f 128/128/128 178/178/178 177/177/177
f 128/128/128 129/129/129 178/178/178
f 129/129/129 179/179/179 178/178/178
f 129/129/129 130/130/130 179/179/179
f 130/130/130 180/180/180 179/179/179
f 130/130/130 131/131/131 180/180/180
f 131/131/131 181/181/181 180/180/180
f 131/131/131 132/132/132 181/181/181
f 132/132/132 182/182/182 181/181/181
f 132/132/132 133/133/133 182/182/182
f 133/133/133 183/183/183 182/182/182
f 133/133/133 134/134/134 183/183/183
f 134/134/134 184/184/184 183/183/183
f 134/134/134 135/135/135 184/184/184
f 135/135/135 185/185/185 184/184/184
f 135/135/135 136/136/136 185/185/185
f 136/136/136 186/186/186 185/185/185
f 136/136/136 137/137/137 186/186/186
f 137/137/137 187/187/187 186/186/186
f 137/137/137 138/138/138 187/187/187
f 138/138/138 188/188/188 187/187/187
f 138/138/138 139/139/139 188/188/188
f 139/139/139 189/189/189 188/188/188
f 139/139/139 140/140/140 189/189/189
f 140/140/140 190/190/190 189/189/189
f 140/140/140 141/141/141 190/190/190
f 141/141/141 191/191/191 190/190/190
f 141/141/141 142/142/142 191/191/191
f 142/142/142 192/192/192 191/191/191
f 142/142/142 143/143/143 192/192/192
f 143/143/143 193/193/193 192/192/192
f 143/143/143 144/144/144 193/193/193
f 144/144/144 194/194/194 193/193/193
f 144/144/144 145/145/145 194/194/194
f 145/145/145 195/195/195 194/194/194
f 145/145/145 146/146/146 195/195/195
f 146/146/146 196/196/196 195/195/195
f 146/146/146 147/147/147 196/196/196
f 147/147/147 197/197/197 196/196/196
f 147/147/147 148/148/148 197/197/197
f 148/148/148 198/198/198 197/197/197
f 148/148/148 149/149/149 198/198/198
f 149/149/149 199/199/199 198/198/198
f 149/149/149 150/150/150 199/199/199
f 150/150/150 200/200/200 199/199/199
f 176/176/176 177/177/177 226/226/226
f 177/177/177 227/227/227 226/226/226
f 177/177/177 178/178/178 227/227/227
f 178/178/178 228/228/228 227/227/227
f 178/178/178 179/179/179 228/228/228
f 179/179/179 229/229/229 228/228/228
f 179/179/179 180/180/180 229/229/229
f 180/180/180 230/230/230 229/229/229
f 180/180/180 181/181/181 230/230/230
f 181/181/181 231/231/231 230/230/230
f 181/181/181 182/182/182 231/231/231
f 182/182/182 232/232/232 231/231/231
f 182/182/182 183/183/183 232/232/232
f 183/183/183 233/233/233 232/232/232
f 183/183/183 184/184/184 233/233/233
f 184/184/184 234/234/234 233/233/233
f 184/184/184 185/185/185 234/234/234
f 185/185/185 235/235/235 234/234/234
f 185/185/185 186/186/186 235/235/235
f 186/186/186 236/236/236 235/235/235
f 186/186/186 187/187/187 236/236/236
f 187/187/187 237/237/237 236/236/236
f 187/187/187 188/188/188 237/237/237
f 188/188/188 238/238/238 237/237/237
f 188/188/188 189/189/189 238/238/238
f 189/189/189 239/239/239 238/238/238
f 189/189/189 190/190/190 239/239/239
f 190/190/190 240/240/240 239/239/239
f 190/190/190 191/191/191 240/240/240
f 191/191/191 241/241/241 240/240/240
f 191/191/191 192/192/192 241/241/241
f 192/192/192 242/242/242 241/241/241
f 192/192/192 193/193/193 242/242/242
f 193/193/193 243/243/243 242/242/242
f 193/193/193 194/194/194 243/243/243
f 194/194/194 244/244/244 243/243/243
f 194/194/194 195/195/195 244/244/244
f 195/195/195 245/245/245 244/244/244
f 195/195/195 196/196/196 245/245/245
f 196/196/196 246/246/246 245/245/245
f 196/196/196 197/197/197 246/246/246
f 197/197/197 247/247/247 246/246/246
f 197/197/197 198/198/198 247/247/247
f 198/198/198 248/248/248 247/247/247
f 198/198/198 199/199/199 248/248/248
f 199/199/199 249/249/249 248/248/248
f 199/199/199 200/200/200 249/249/249
f 200/200/200 250/250/250 249/249/249
f 226/226/226 227/227/227 276/276/276
f 227/227/227 277/277/277 276/276/276
f 227/227/227 228/228/228 277/277/277
f 228/228/228 278/278/278 277/277/277
f 228/228/228 229/229/229 278/278/278
f 229/229/229 279/279/279 278/278/278
f 229/229/229 230/230/230 279/279/279
f 230/230/230 280/280/280 279/279/279
f 230/230/230 231/231/231 280/280/280
f 231/231/231 281/281/281 280/280/280
f 231/231/231 232/232/232 281/281/281
f 232/232/232 282/282/282 281/281/281
f 232/232/232 233/233/233 282/282/282
f 233/233/233 283/283/283 282/282/282
f 233/233/233 234/234/234 283/283/283
f 234/234/234 284/284/284 283/283/283
f 234/234/234 235/235/235 284/284/284
f 235/235/235 285/285/285 284/284/284
f 235/235/235 236/236/236 285/285/285
f 236/236/236 286/286/286 285/285/285
f 236/236/236 237/237/237 286/286/286
f 237/237/237 287/287/287 286/286/286
f 237/237/237 238/238/238 287/287/287
f 238/238/238 288/288/288 287/287/287
f 238/238/238 239/239/239 288/288/288
f 239/239/239 289/289/289 288/288/288
f 239/239/239 240/240/240 289/289/289
f 240/240/240 290/290/290 289/289/289
f 240/240/240 241/241/241 290/290/290
f 241/241/241 291/291/291 290/290/290
f 241/241/241 242/242/242 291/291/291
f 242/242/242 292/292/292 291/291/291
f 242/242/242 243/243/243 292/292/292
f 243/243/243 293/293/293 292/292/292
f 243/243/243 244/244/244 293/293/293
f 244/244/244 294/294/294 293/293/293
f 244/244/244 245/245/245 294/294/294
f 245/245/245 295/295/295 294/294/294
f 245/245/245 246/246/246 295/295/295
f 246/246/246 296/296/296 295/295/295
f 246/246/246 247/247/247 296/296/296
f 247/247/247 297/297/297 296/296/296
f 247/247/247 248/248/248 297/297/297
f 248/248/248 298/298/298 297/297/297
f 248/248/248 249/249/249 298/298/298
f 249/249/249 299/299/299 298/298/298
f 249/249/249 250/250/250 299/299/299
f 250/250/250 300/300/300 299/299/299
f 276/276/276 277/277/277 326/326/326
f 277/277/277 327/327/327 326/326/326
f 277/277/277 278/278/278 327/327/327
f 278/278/278 328/328/328 327/327/327
f 278/278/278 279/279/279 328/328/328
f 279/279/279 329/329/329 328/328/328
f 279/279/279 280/280/280 329/329/329
f 280/280/280 330/330/330 329/329/329
f 280/280/280 281/281/281 330/330/330
f 281/281/281 331/331/331 330/330/330
f 281/281/281 282/282/282 331/331/331
f 282/282/282 332/332/332 331/331/331
f 282/282/282 283/283/283 332/332/332
f 283/283/283 333/333/333 332/332/332
f 283/283/283 284/284/284 333/333/333
f 284/284/284 334/334/334 333/333/333
f 284/284/284 285/285/285 334/334/334
f 285/285/285 335/335/335 334/334/334
f 285/285/285 286/286/286 335/335/335
f 286/286/286 336/336/336 335/335/335
f 286/286/286 287/287/287 336/336/336
f 287/287/287 337/337/337 336/336/336
f 287/287/287 288/288/288 337/337/337
f 288/288/288 338/338/338 337/337/337
f 288/288/288 289/289/289 338/338/338
f 289/289/289 339/339/339 338/338/338
f 289/289/289 290/290/290 339/339/339
f 290/290/290 340/340/340 339/339/339
f 290/290/290 291/291/291 340/340/340
f 291/291/291 341/341/341 340/340/340
f 291/291/291 292/292/292 341/341/341
f 292/292/292 342/342/342 341/341/341
f 292/292/292 293/293/293 342/342/342
f 293/293/293 343/343/343 342/342/342
f 293/293/293 294/294/294 343/343/343
f 294/294/294 344/344/344 343/343/343
f 294/294/294 295/295/295 344/344/344
f 295/295/295 345/345/345 344/344/344
f 295/295/295 296/296/296 345/345/345
f 296/296/296 346/346/346 345/345/345
f 296/296/296 297/297/297 346/346/346
f 297/297/297 347/347/347 346/346/346
f 297/297/297 298/298/298 347/347/347
f 298/298/298 348/348/348 347/347/347
f 298/298/298 299/299/299 348/348/348
f 299/299/299 349/349/349 348/348/348
f 299/299/299 300/300/300 349/349/349
f 300/300/300 350/350/350 349/349/349
f 326/326/326 327/327/327 376/376/376
f 327/327/327 377/377/377 376/376/376
f 327/327/327 328/328/328 377/377/377
f 328/328/328 378/378/378 377/377/377
f 328/328/328 329/329/329 378/378/378
f 329/329/329 379/379/379 378/378/378
f 329/329/329 330/330/330 379/379/379
f 330/330/330 380/380/380 379/379/379
f 330/330/330 331/331/331 380/380/380
f 331/331/331 381/381/381 380/380/380
f 331/331/331 332/332/332 381/381/381
f 332/332/332 382/382/382 381/381/381
f 332/332/332 333/333/333 382/382/382
f 333/333/333 383/383/383 382/382/382
f 333/333/333 334/334/334 383/383/383
f 334/334/334 384/384/384 383/383/383
f 334/334/334 335/335/335 384/384/384
f 335/335/335 385/385/385 384/384/384
f 335/335/335 336/336/336 385/385/385
f 336/336/336 386/386/386 385/385/385
f 336/336/336 337/337/337 386/386/386
f 337/337/337 387/387/387 386/386/386
f 337/337/337 338/338/338 387/387/387
f 338/338/338 388/388/388 387/387/387
f 338/338/338 339/339/339 388/388/388
f 339/339/339 389/389/389 388/388/388
f 339/339/339 340/340/340 389/389/389
f 340/340/340 390/390/390 389/389/389
f 340/340/340 341/341/341 390/390/390
f 341/341/341 391/391/391 390/390/390
f 341/341/341 342/342/342 391/391/391
f 342/342/342 392/392/392 391/391/391
f 342/342/342 343/343/343 392/392/392
f 343/343/343 393/393/393 392/392/392
f 343/343/343 344/344/344 393/393/393
f 344/344/344 394/394/394 393/393/393
f 344/344/344 345/345/345 394/394/394
f 345/345/345 395/395/395 394/394/394
f 345/345/345 346/346/346 395/395/395
f 346/346/346 396/396/396 395/395/395
f 346/346/346 347/347/347 396/396/396
f 347/347/347 397/397/397 396/396/396
f 347/347/347 348/348/348 397/397/397
f 348/348/348 398/398/398 397/397/397
f 348/348/348 349/349/349 398/398/398
f 349/349/349 399/399/399 398/398/398
f 349/349/349 350/350/350 399/399/399
f 350/350/350 400/400/400 399/399/399
f 376/376/376 377/377/377 426/426/426
f 377/377/377 427/427/427 426/426/426
f 377/377/377 378/378/378 427/427/427
f 378/378/378 428/428/428 427/427/427
f 378/378/378 379/379/379 428/428/428
f 379/379/379 429/429/429 428/428/428
f 379/379/379 380/380/380 429/429/429
f 380/380/380 430/430/430 429/429/429
f 380/380/380 381/381/381 430/430/430
f 381/381/381 431/431/431 430/430/430
f 381/381/381 382/382/382 431/431/431
f 382/382/382 432/432/432 431/431/431
f 382/382/382 383/383/383 432/432/432
f 383/383/383 433/433/433 432/432/432
f 383/383/383 384/384/384 433/433/433
f 384/384/384 434/434/434 433/433/433
f 384/384/384 385/385/385 434/434/434
f 385/385/385 435/435/435 434/434/434
f 385/385/385 386/386/386 435/435/435
f 386/386/386 436/436/436 435/435/435
f 386/386/386 387/387/387 436/436/436
f 387/387/387 437/437/437 436/436/436
f 387/387/387 388/388/388 437/437/437
f 388/388/388 438/438/438 437/437/437
f 388/388/388 389/389/389 438/438/438
f 389/389/389 439/439/439 438/438/438
f 389/389/389 390/390/390 439/439/439
f 390/390/390 440/440/440 439/439/439
f 390/390/390 391/391/391 440/440/440
f 391/391/391 441/441/441 440/440/440
f 391/391/391 392/392/392 441/441/441
f 392/392/392 442/442/442 441/441/441
f 392/392/392 393/393/393 442/442/442
f 393/393/393 443/443/443 442/442/442
f 393/393/393 394/394/394 443/443/443
f 394/394/394 444/444/444 443/443/443
f 394/394/394 395/395/395 444/444/444
f 395/395/395 445/445/445 444/444/444
f 395/395/395 396/396/396 445/445/445
f 396/396/396 446/446/446 445/445/445
f 396/396/396 397/397/397 446/446/446
f 397/397/397 447/447/447 446/446/446
f 397/397/397 398/398/398 447/447/447
f 398/398/398 448/448/448 447/447/447
f 398/398/398 399/399/399 448/448/448
f 399/399/399 449/449/449 448/448/448
f 399/399/399 400/400/400 449/449/449
f 400/400/400 450/450/450 449/449/449
f 426/426/426 427/427/427 476/476/476
f 427/427/427 477/477/477 476/476/476
f 427/427/427 428/428/428 477/477/477
f 428/428/428 478/478/478 477/477/477
f 428/428/428 429/429/429 478/478/478
f 429/429/429 479/479/479 478/478/478
f 429/429/429 430/430/430 479/479/479
f 430/430/430 480/480/480 479/479/479
f 430/430/430 431/431/431 480/480/480
f 431/431/431 481/481/481 480/480/480
f 431/431/431 432/432/432 481/481/481
f 432/432/432 482/482/482 481/481/481
f 432/432/432 433/433/433 482/482/482
f 433/433/433 483/483/483 482/482/482
f 433/433/433 434/434/434 483/483/483
f 434/434/434 484/484/484 483/483/483
f 434/434/434 435/435/435 484/484/484
f 435/435/435 485/485/485 484/484/484
f 435/435/435 436/436/436 485/485/485
f 436/436/436 486/486/486 485/485/485
f 436/436/436 437/437/437 486/486/486
f 437/437/437 487/487/487 486/486/486
f 437/437/437 438/438/438 487/487/487
f 438/438/438 488/488/488 487/487/487
f 438/438/438 439/439/439 488/488/488
f 439/439/439 489/489/489 488/488/488
f 439/439/439 440/440/440 489/489/489
f 440/440/440 490/490/490 489/489/489
f 440/440/440 441/441/441 490/490/490
f 441/441/441 491/491/491 490/490/490
f 441/441/441 442/442/442 491/491/491
f 442/442/442 492/492/492 491/491/491
f 442/442/442 443/443/443 492/492/492
f 443/443/443 493/493/493 492/492/492
f 443/443/443 444/444/444 493/493/493
f 444/444/444 494/494/494 493/493/493
f 444/444/444 445/445/445 494/494/494
f 445/445/445 495/495/495 494/494/494
f 445/445/445 446/446/446 495/495/495
f 446/446/446 496/496/496 495/495/495
f 446/446/446 447/447/447 496/496/496
f 447/447/447 497/497/497 496/496/496
f 447/447/447 448/448/448 497/497/497
f 448/448/448 498/498/498 497/497/497
f 448/448/448 449/449/449 498/498/498
f 449/449/449 499/499/499 498/498/498
f 449/449/449 450/450/450 499/499/499
f 450/450/450 500/500/500 499/499/499
f 476/476/476 477/477/477 526/526/526
f 477/477/477 527/527/527 526/526/526
f 477/477/477 478/478/478 527/527/527
f 478/478/478 528/528/528 527/527/527
f 478/478/478 479/479/479 528/528/528
f 479/479/479 529/529/529 528/528/528
f 479/479/479 480/480/480 529/529/529
f 480/480/480 530/530/530 529/529/529
f 480/480/480 481/481/481 530/530/530
f 481/481/481 531/531/531 530/530/530
f 481/481/481 482/482/482 531/531/531
f 482/482/482 532/532/532 531/531/531
f 482/482/482 483/483/483 532/532/532
f 483/483/483 533/533/533 532/532/532
f 483/483/483 484/484/484 533/533/533
f 484/484/484 534/534/534 533/533/533
f 484/484/484 485/485/485 534/534/534
f 485/485/485 535/535/535 534/534/534
f 485/485/485 486/486/486 535/535/535
f 486/486/486 536/536/536 535/535/535
f 486/486/486 487/487/487 536/536/536
f 487/487/487 537/537/537 536/536/536
f 487/487/487 488/488/488 537/537/537
f 488/488/488 538/538/538 537/537/537
f 488/488/488 489/489/489 538/538/538
f 489/489/489 539/539/539 538/538/538
f 489/489/489 490/490/490 539/539/539
f 490/490/490 540/540/540 539/539/539
f 490/490/490 491/491/491 540/540/540
f 491/491/491 541/541/541 540/540/540
f 491/491/491 492/492/492 541/541/541
f 492/492/492 542/542/542 541/541/541
f 492/492/492 493/493/493 542/542/542
f 493/493/493 543/543/543 542/542/542
f 493/493/493 494/494/494 543/543/543
f 494/494/494 544/544/544 543/543/543
f 494/494/494 495/495/495 544/544/544
f 495/495/495 545/545/545 544/544/544
f 495/495/495 496/496/496 545/545/545
f 496/496/496 546/546/546 545/545/545
f 496/496/496 497/497/497 546/546/546
f 497/497/497 547/547/547 546/546/546
f 497/497/497 498/498/498 547/547/547
f 498/498/498 548/548/548 547/547/547
f 498/498/498 499/499/499 548/548/548
f 499/499/499 549/549/549 548/548/548
f 499/499/499 500/500/500 549/549/549
f 500/500/500 550/550/550 549/549/549
f 526/526/526 527/527/527 576/576/576
f 527/527/527 577/577/577 576/576/576
f 527/527/527 528/528/528 577/577/577
f 528/528/528 578/578/578 577/577/577
f 528/528/528 529/529/529 578/578/578
f 529/529/529 579/579/579 578/578/578
f 529/529/529 530/530/530 579/579/579
f 530/530/530 580/580/580 579/579/579
f 530/530/530 531/531/531 580/580/580
f 531/531/531 581/581/581 580/580/580
f 531/531/531 532/532/532 581/581/581
f 532/532/532 582/582/582 581/581/581
f 532/532/532 533/533/533 582/582/582
f 533/533/533 583/583/583 582/582/582
f 533/533/533 534/534/534 583/583/583
f 534/534/534 584/584/584 583/583/583
f 534/534/534 535/535/535 584/584/584
f 535/535/535 585/585/585 584/584/584
f 535/535/535 536/536/536 585/585/585
f 536/536/536 586/586/586 585/585/585
f 536/536/536 537/537/537 586/586/586
f 537/537/537 587/587/587 586/586/586
f 537/537/537 538/538/538 587/587/587
f 538/538/538 588/588/588 587/587/587
f 538/538/538 539/539/539 588/588/588
f 539/539/539 589/589/589 588/588/588
f 539/539/539 540/540/540 589/589/589
f 540/540/540 590/590/590 589/589/589
f 540/540/540 541/541/541 590/590/590
f 541/541/541 591/591/591 590/590/590
f 541/541/541 542/542/542 591/591/591
f 542/542/542 592/592/592 591/591/591
f 542/542/542 543/543/543 592/592/592
f 543/543/543 593/593/593 592/592/592
f 543/543/543 544/544/544 593/593/593
f 544/544/544 594/594/594 593/593/593
f 544/544/544 545/545/545 594/594/594
f 545/545/545 595/595/595 594/594/594
f 545/545/545 546/546/546 595/595/595
f 546/546/546 596/596/596 595/595/595
f 546/546/546 547/547/547 596/596/596
f 547/547/547 597/597/597 596/596/596
f 547/547/547 548/548/548 597/597/597
f 548/548/548 598/598/598 597/597/597
f 548/548/548 549/549/549 598/598/598
f 549/549/549 599/599/599 598/598/598
f 549/549/549 550/550/550 599/599/599
f 550/550/550 600/600/600 599/599/599
f 576/576/576 577/577/577 626/626/626
f 577/577/577 627/627/627 626/626/626
f 577/577/577 578/578/578 627/627/627
f 578/578/578 628/628/628 627/627/627
f 578/578/578 579/579/579 628/628/628
f 579/579/579 629/629/629 628/628/628
f 579/579/579 580/580/580 629/629/629
f 580/580/580 630/630/630 629/629/629
f 580/580/580 581/581/581 630/630/630
f 581/581/581 631/631/631 630/630/630
f 581/581/581 582/582/582 631/631/631
f 582/582/582 632/632/632 631/631/631
f 582/582/582 583/583/583 632/632/632
f 583/583/583 633/633/633 632/632/632
f 583/583/583 584/584/584 633/633/633
f 584/584/584 634/634/634 633/633/633
f 584/584/584 585/585/585 634/634/634
f 585/585/585 635/635/635 634/634/634
f 585/585/585 586/586/586 635/635/635
f 586/586/586 636/636/636 635/635/635
f 586/586/586 587/587/587 636/636/636
f 587/587/587 637/637/637 636/636/636
f 587/587/587 588/588/588 637/637/637
f 588/588/588 638/638/638 637/637/637
f 588/588/588 589/589/589 638/638/638
f 589/589/589 639/639/639 638/638/638
f 589/589/589 590/590/590 639/639/639
f 590/590/590 640/640/640 639/639/639
f 590/590/590 591/591/591 640/640/640
f 591/591/591 641/641/641 640/640/640
f 591/591/591 592/592/592 641/641/641
f 592/592/592 642/642/642 641/641/641
f 592/592/592 593/593/593 642/642/642
f 593/593/593 643/643/643 642/642/642
f 593/593/593 594/594/594 643/643/643
f 594/594/594 644/644/644 643/643/643
f 594/594/594 595/595/595 644/644/644
f 595/595/595 645/645/645 644/644/644
f 595/595/595 596/596/596 645/645/645
f 596/596/596 646/646/646 645/645/645
f 596/596/596 597/597/597 646/646/646
f 597/597/597 647/647/647 646/646/646
f 597/597/597 598/598/598 647/647/647
f 598/598/598 648/648/648 647/647/647
f 598/598/598 599/599/599 648/648/648
f 599/599/599 649/649/649 648/648/648
f 599/599/599 600/600/600 649/649/649
f 600/600/600 650/650/650 649/649/649
f 626/626/626 627/627/627 676/676/676
f 627/627/627 677/677/677 676/676/676
f 627/627/627 628/628/628 677/677/677
f 628/628/628 678/678/678 677/677/677
f 628/628/628 629/629/629 678/678/678
f 629/629/629 679/679/679 678/678/678
f 629/629/629 630/630/630 679/679/679
f 630/630/630 680/680/680 679/679/679
f 630/630/630 631/631/631 680/680/680
f 631/631/631 681/681/681 680/680/680
f 631/631/631 632/632/632 681/681/681
f 632/632/632 682/682/682 681/681/681
f 632/632/632 633/633/633 682/682/682
f 633/633/633 683/683/683 682/682/682
f 633/633/633 634/634/634 683/683/683
f 634/634/634 684/684/684 683/683/683
f 634/634/634 635/635/635 684/684/684
f 635/635/635 685/685/685 684/684/684
f 635/635/635 636/636/636 685/685/685
f 636/636/636 686/686/686 685/685/685
f 636/636/636 637/637/637 686/686/686
f 637/637/637 687/687/687 686/686/686
f 637/637/637 638/638/638 687/687/687
f 638/638/638 688/688/688 687/687/687
f 638/638/638 639/639/639 688/688/688
f 639/639/639 689/689/689 688/688/688
f 639/639/639 640/640/640 689/689/689
f 640/640/640 690/690/690 689/689/689
f 640/640/640 641/641/641 690/690/690
f 641/641/641 691/691/691 690/690/690
f 641/641/641 642/642/642 691/691/691
f 642/642/642 692/692/692 691/691/691
f 642/642/642 643/643/643 692/692/692
f 643/643/643 693/693/693 692/692/692
f 643/643/643 644/644/644 693/693/693
f 644/644/644 694/694/694 693/693/693
f 644/644/644 645/645/645 694/694/694
f 645/645/645 695/695/695 694/694/694
f 645/645/645 646/646/646 695/695/695
f 646/646/646 696/696/696 695/695/695
f 646/646/646 647/647/647 696/696/696
f 647/647/647 697/697/697 696/696/696
f 647/647/647 648/648/648 697/697/697
f 648/648/648 698/698/698 697/697/697
f 648/648/648 649/649/649 698/698/698
f 649/649/649 699/699/699 698/698/698
f 649/649/649 650/650/650 699/699/699
f 650/650/650 700/700/700 699/699/699
f 676/676/676 677/677/677 726/726/726
f 677/677/677 727/727/727 726/726/726
f 677/677/677 678/678/678 727/727/727
f 678/678/678 728/728/728 727/727/727
f 678/678/678 679/679/679 728/728/728
f 679/679/679 729/729/729 728/728/728
f 679/679/679 680/680/680 729/729/729
f 680/680/680 730/730/730 729/729/729
f 680/680/680 681/681/681 730/730/730
f 681/681/681 731/731/731 730/730/730
f 681/681/681 682/682/682 731/731/731
f 682/682/682 732/732/732 731/731/731
f 682/682/682 683/683/683 732/732/732
f 683/683/683 733/733/733 732/732/732
f 683/683/683 684/684/684 733/733/733
f 684/684/684 734/734/734 733/733/733
f 684/684/684 685/685/685 734/734/734
f 685/685/685 735/735/735 734/734/734
f 685/685/685 686/686/686 735/735/735
f 686/686/686 736/736/736 735/735/735
f 686/686/686 687/687/687 736/736/736
f 687/687/687 737/737/737 736/736/736
f 687/687/687 688/688/688 737/737/737
f 688/688/688 738/738/738 737/737/737
f 688/688/688 689/689/689 738/738/738
f 689/689/689 739/739/739 738/738/738
f 689/689/689 690/690/690 739/739/739
f 690/690/690 740/740/740 739/739/739
f 690/690/690 691/691/691 740/740/740
f 691/691/691 741/741/741 740/740/740
f 691/691/691 692/692/692 741/741/741
f 692/692/692 742/742/742 741/741/741
f 692/692/692 693/693/693 742/742/742
f 693/693/693 743/743/743 742/742/742
f 693/693/693 694/694/694 743/743/743
f 694/694/694 744/744/744 743/743/743
f 694/694/694 695/695/695 744/744/744
f 695/695/695 745/745/745 744/744/744
f 695/695/695 696/696/696 745/745/745
f 696/696/696 746/746/746 745/745/745
f 696/696/696 697/697/697 746/746/746
f 697/697/697 747/747/747 746/746/746
f 697/697/697 698/698/698 747/747/747
f 698/698/698 748/748/748 747/747/747
f 698/698/698 699/699/699 748/748/748
f 699/699/699 749/749/749 748/748/748
f 699/699/699 700/700/700 749/749/749
f 700/700/700 750/750/750 749/749/749
f 726/726/726 727/727/727 776/776/776
f 727/727/727 777/777/777 776/776/776
f 727/727/727 728/728/728 777/777/777
f 728/728/728 778/778/778 777/777/777
f 728/728/728 729/729/729 778/778/778
f 729/729/729 779/779/779 778/778/778
f 729/729/729 730/730/730 779/779/779
f 730/730/730 780/780/780 779/779/779
f 730/730/730 731/731/731 780/780/780
f 731/731/731 781/781/781 780/780/780
f 731/731/731 732/732/732 781/781/781
f 732/732/732 782/782/782 781/781/781
f 732/732/732 733/733/733 782/782/782
f 733/733/733 783/783/783 782/782/782
f 733/733/733 734/734/734 783/783/783
f 734/734/734 784/784/784 783/783/783
f 734/734/734 735/735/735 784/784/784
f 735/735/735 785/785/785 784/784/784
f 735/735/735 736/736/736 785/785/785
f 736/736/736 786/786/786 785/785/785
f 736/736/736 737/737/737 786/786/786
f 737/737/737 787/787/787 786/786/786
f 737/737/737 738/738/738 787/787/787
f 738/738/738 788/788/788 787/787/787
f 738/738/738 739/739/739 788/788/788
f 739/739/739 789/789/789 788/788/788
f 739/739/739 740/740/740 789/789/789
f 740/740/740 790/790/790 789/789/789
f 740/740/740 741/741/741 790/790/790
f 741/741/741 791/791/791 790/790/790
f 741/741/741 742/742/742 791/791/791
f 742/742/742 792/792/792 791/791/791
f 742/742/742 743/743/743 792/792/792
f 743/743/743 793/793/793 792/792/792
f 743/743/743 744/744/744 793/793/793
f 744/744/744 794/794/794 793/793/793
f 744/744/744 745/745/745 794/794/794
f 745/745/745 795/795/795 794/794/794
f 745/745/745 746/746/746 795/795/795
f 746/746/746 796/796/796 795/795/795
f 746/746/746 747/747/747 796/796/796
f 747/747/747 797/797/797 796/796/796
f 747/747/747 748/748/748 797/797/797
f 748/748/748 798/798/798 797/797/797
f 748/748/748 749/749/749 798/798/798
f 749/749/749 799/799/799 798/798/798
f 749/749/749 750/750/750 799/799/799
f 750/750/750 800/800/800 799/799/799
f 776/776/776 777/777/777 826/826/826
f 777/777/777 827/827/827 826/826/826
f 777/777/777 778/778/778 827/827/827
f 778/778/778 828/828/828 827/827/827
f 778/778/778 779/779/779 828/828/828
f 779/779/779 829/829/829 828/828/828
f 779/779/779 780/780/780 829/829/829
f 780/780/780 830/830/830 829/829/829
f 780/780/780 781/781/781 830/830/830
f 781/781/781 831/831/831 830/830/830
f 781/781/781 782/782/782 831/831/831
f 782/782/782 832/832/832 831/831/831
f 782/782/782 783/783/783 832/832/832
f 783/783/783 833/833/833 832/832/832
f 783/783/783 784/784/784 833/833/833
f 784/784/784 834/834/834 833/833/833
f 784/784/784 785/785/785 834/834/834
f 785/785/785 835/835/835 834/834/834
f 785/785/785 786/786/786 835/835/835
f 786/786/786 836/836/836 835/835/835
f 786/786/786 787/787/787 836/836/836
f 787/787/787 837/837/837 836/836/836
f 787/787/787 788/788/788 837/837/837
f 788/788/788 838/838/838 837/837/837
f 788/788/788 789/789/789 838/838/838
f 789/789/789 839/839/839 838/838/838
f 789/789/789 790/790/790 839/839/839
f 790/790/790 840/840/840 839/839/839
f 790/790/790 791/791/791 840/840/840
f 791/791/791 841/841/841 840/840/840
f 791/791/791 792/792/792 841/841/841
f 792/792/792 842/842/842 841/841/841
f 792/792/792 793/793/793 842/842/842
f 793/793/793 843/843/843 842/842/842
f 793/793/793 794/794/794 843/843/843
f 794/794/794 844/844/844 843/843/843
f 794/794/794 795/795/795 844/844/844
f 795/795/795 845/845/845 844/844/844
f 795/795/795 796/796/796 845/845/845
f 796/796/796 846/846/846 845/845/845
f 796/796/796 797/797/797 846/846/846
f 797/797/797 847/847/847 846/846/846
f 797/797/797 798/798/798 847/847/847
f 798/798/798 848/848/848 847/847/847
f 798/798/798 799/799/799 848/848/848
f 799/799/799 849/849/849 848/848/848
f 799/799/799 800/800/800 849/849/849
f 800/800/800 850/850/850 849/849/849
f 826/826/826 827/827/827 876/876/876
f 827/827/827 877/877/877 876/876/876
f 827/827/827 828/828/828 877/877/877
f 828/828/828 878/878/878 877/877/877
f 828/828/828 829/829/829 878/878/878
f 829/829/829 879/879/879 878/878/878
f 829/829/829 830/830/830 879/879/879
f 830/830/830 880/880/880 879/879/879
f 830/830/830 831/831/831 880/880/880
f 831/831/831 881/881/881 880/880/880
f 831/831/831 832/832/832 881/881/881
f 832/832/832 882/882/882 881/881/881
f 832/832/832 833/833/833 882/882/882
f 833/833/833 883/883/883 882/882/882
f 833/833/833 834/834/834 883/883/883
f 834/834/834 884/884/884 883/883/883
f 834/834/834 835/835/835 884/884/884
f 835/835/835 885/885/885 884/884/884
f 835/835/835 836/836/836 885/885/885
f 836/836/836 886/886/886 885/885/885
f 836/836/836 837/837/837 886/886/886
f 837/837/837 887/887/887 886/886/886
f 837/837/837 838/838/838 887/887/887
f 838/838/838 888/888/888 887/887/887
f 838/838/838 839/839/839 888/888/888
f 839/839/839 889/889/889 888/888/888
f 839/839/839 840/840/840 889/889/889
f 840/840/840 890/890/890 889/889/889
f 840/840/840 841/841/841 890/890/890
f 841/841/841 891/891/891 890/890/890
f 841/841/841 842/842/842 891/891/891
f 842/842/842 892/892/892 891/891/891
f 842/842/842 843/843/843 892/892/892
f 843/843/843 893/893/893 892/892/892
f 843/843/843 844/844/844 893/893/893
f 844/844/844 894/894/894 893/893/893
f 844/844/844 845/845/845 894/894/894
f 845/845/845 895/895/895 894/894/894
f 845/845/845 846/846/846 895/895/895
f 846/846/846 896/896/896 895/895/895
f 846/846/846 847/847/847 896/896/896
f 847/847/847 897/897/897 896/896/896
f 847/847/847 848/848/848 897/897/897
f 848/848/848 898/898/898 897/897/897
f 848/848/848 849/849/849 898/898/898
f 849/849/849 899/899/899 898/898/898
f 849/849/849 850/850/850 899/899/899
f 850/850/850 900/900/900 899/899/899
f 876/876/876 877/877/877 926/926/926
f 877/877/877 927/927/927 926/926/926
f 877/877/877 878/878/878 927/927/927
f 878/878/878 928/928/928 927/927/927
f 878/878/878 879/879/879 928/928/928
f 879/879/879 929/929/929 928/928/928
f 879/879/879 880/880/880 929/929/929
f 880/880/880 930/930/930 929/929/929
f 880/880/880 881/881/881 930/930/930
f 881/881/881 931/931/931 930/930/930
f 881/881/881 882/882/882 931/931/931
f 882/882/882 932/932/932 931/931/931
f 882/882/882 883/883/883 932/932/932
f 883/883/883 933/933/933 932/932/932
f 883/883/883 884/884/884 933/933/933
f 884/884/884 934/934/934 933/933/933
f 884/884/884 885/885/885 934/934/934
f 885/885/885 935/935/935 934/934/934
f 885/885/885 886/886/886 935/935/935
f 886/886/886 936/936/936 935/935/935
f 886/886/886 887/887/887 936/936/936
f 887/887/887 937/937/937 936/936/936
f 887/887/887 888/888/888 937/937/937
f 888/888/888 938/938/938 937/937/937
f 888/888/888 889/889/889 938/938/938
f 889/889/889 939/939/939 938/938/938
f 889/889/889 890/890/890 939/939/939
f 890/890/890 940/940/940 939/939/939
f 890/890/890 891/891/891 940/940/940
f 891/891/891 941/941/941 940/940/940
f 891/891/891 892/892/892 941/941/941
f 892/892/892 942/942/942 941/941/941
f 892/892/892 893/893/893 942/942/942
f 893/893/893 943/943/943 942/942/942
f 893/893/893 894/894/894 943/943/943
f 894/894/894 944/944/944 943/943/943
f 894/894/894 895/895/895 944/944/944
f 895/895/895 945/945/945 944/944/944
f 895/895/895 896/896/896 945/945/945
f 896/896/896 946/946/946 945/945/945
f 896/896/896 897/897/897 946/946/946
f 897/897/897 947/947/947 946/946/946
f 897/897/897 898/898/898 947/947/947
f 898/898/898 948/948/948 947/947/947
f 898/898/898 899/899/899 948/948/948
f 899/899/899 949/949/949 948/948/948
f 899/899/899 900/900/900 949/949/949
f 900/900/900 950/950/950 949/949/949
f 926/926/926 927/927/927 976/976/976
f 927/927/927 977/977/977 976/976/976
f 927/927/927 928/928/928 977/977/977
f 928/928/928 978/978/978 977/977/977
f 928/928/928 929/929/929 978/978/978
f 929/929/929 979/979/979 978/978/978
f 929/929/929 930/930/930 979/979/979
f 930/930/930 980/980/980 979/979/979
f 930/930/930 931/931/931 980/980/980
f 931/931/931 981/981/981 980/980/980
f 931/931/931 932/932/932 981/981/981
f 932/932/932 982/982/982 981/981/981
f 932/932/932 933/933/933 982/982/982
f 933/933/933 983/983/983 982/982/982
f 933/933/933 934/934/934 983/983/983
f 934/934/934 984/984/984 983/983/983
f 934/934/934 935/935/935 984/984/984
f 935/935/935 985/985/985 984/984/984
f 935/935/935 936/936/936 985/985/985
f 936/936/936 986/986/986 985/985/985
f 936/936/936 937/937/937 986/986/986
f 937/937/937 987/987/987 986/986/986
f 937/937/937 938/938/938 987/987/987
f 938/938/938 988/988/988 987/987/987
f 938/938/938 939/939/939 988/988/988
f 939/939/939 989/989/989 988/988/988
f 939/939/939 940/940/940 989/989/989
f 940/940/940 990/990/990 989/989/989
f 940/940/940 941/941/941 990/990/990
f 941/941/941 991/991/991 990/990/990
f 941/941/941 942/942/942 991/991/991
f 942/942/942 992/992/992 991/991/991
f 942/942/942 943/943/943 992/992/992
f 943/943/943 993/993/993 992/992/992
f 943/943/943 944/944/944 993/993/993
f 944/944/944 994/994/994 993/993/993
f 944/944/944 945/945/945 994/994/994
f 945/945/945 995/995/995 994/994/994
f 945/945/945 946/946/946 995/995/995
f 946/946/946 996/996/996 995/995/995
f 946/946/946 947/947/947 996/996/996
f 947/947/947 997/997/997 996/996/996
f 947/947/947 948/948/948 997/997/997
f 948/948/948 998/998/998 997/997/997
f 948/948/948 949/949/949 998/998/998
f 949/949/949 999/999/999 998/998/998
f 949/949/949 950/950/950 999/999/999
f 950/950/950 1000/1000/1000 999/999/999
usemtl Material
f 1/1/1 2/2/2 51/51/51
f 2/2/2 52/52/52 51/51/51
f 2/2/2 3/3/3 52/52/52
f 3/3/3 53/53/53 52/52/52
f 3/3/3 4/4/4 53/53/53
f 4/4/4 54/54/54 53/53/53
f 4/4/4 5/5/5 54/54/54
f 5/5/5 55/55/55 54/54/54
f 5/5/5 6/6/6 55/55/55
f 6/6/6 56/56/56 55/55/55
f 6/6/6 7/7/7 56/56/56
f 7/7/7 57/57/57 56/56/56
f 7/7/7 8/8/8 57/57/57
f 8/8/8 58/58/58 57/57/57
f 8/8/8 9/9/9 58/58/58
f 9/9/9 59/59/59 58/58/58
f 9/9/9 10/10/10 59/59/59
f 10/10/10 60/60/60 59/59/59
f 10/10/10 11/11/11 60/60/60
f 11/11/11 61/61/61 60/60/60
f 11/11/11 12/12/12 61/61/61
f 12/12/12 62/62/62 61/61/61
f 12/12/12 13/13/13 62/62/62
f 13/13/13 63/63/63 62/62/62
f 13/13/13 14/14/14 63/63/63
f 14/14/14 64/64/64 63/63/63
f 14/14/14 15/15/15 64/64/64
f 15/15/15 65/65/65 64/64/64
f 15/15/15 16/16/16 65/65/65
f 16/16/16 66/66/66 65/65/65
f 16/16/16 17/17/17 66/66/66
f 17/17/17 67/67/67 66/66/66
f 17/17/17 18/18/18 67/67/67
f 18/18/18 68/68/68 67/67/67
f 18/18/18 19/19/19 68/68/68
f 19/19/19 69/69/69 68/68/68
f 19/19/19 20/20/20 69/69/69
f 20/20/20 70/70/70 69/69/69
f 20/20/20 21/21/21 70/70/70
f 21/21/21 71/71/71 70/70/70
f 21/21/21 22/22/22 71/71/71
f 22/22/22 72/72/72 71/71/71
f 22/22/22 23/23/23 72/72/72
f 23/23/23 73/73/73 72/72/72
f 23/23/23 24/24/24 73/73/73
f 24/24/24 74/74/74 73/73/73
f 24/24/24 25/25/25 74/74/74
f 25/25/25 75/75/75 74/74/74
f 25/25/25 26/26/26 75/75/75
f 26/26/26 76/76/76 75/75/75
f 51/51/51 52/52/52 101/101/101
f 52/52/52 102/102/102 101/101/101
f 52/52/52 53/53/53 102/102/102
f 53/53/53 103/103/103 102/102/102
f 53/53/53 54/54/54 103/103/103
f 54/54/54 104/104/104 103/103/103
f 54/54/54 55/55/55 104/104/104
f 55/55/55 105/105/105 104/104/104
f 55/55/55 56/56/56 105/105/105
f 56/56/56 106/106/106 105/105/105
f 56/56/56 57/57/57 106/106/106
f 57/57/57 107/107/107 106/106/106
f 57/57/57 58/58/58 107/107/107
f 58/58/58 108/108/108 107/107/107
f 58/58/58 59/59/59 108/108/108
f 59/59/59 109/109/109 108/108/108
f 59/59/59 60/60/60 109/109/109
f 60/60/60 110/110/110 109/109/109
f 60/60/60 61/61/61 110/110/110
f 61/61/61 111/111/111 110/110/110
f 61/61/61 62/62/62 111/111/111
f 62/62/62 112/112/112 111/111/111
f 62/62/62 63/63/63 112/112/112
f 63/63/63 113/113/113 112/112/112
f 63/63/63 64/64/64 113/113/113
f 64/64/64 114/114/114 113/113/113
f 64/64/64 65/65/65 114/114/114
f 65/65/65 115/115/115 114/114/114
f 65/65/65 66/66/66 115/115/115
f 66/66/66 116/116/116 115/115/115
f 66/66/66 67/67/67 116/116/116
f 67/67/67 117/117/117 116/116/116
f 67/67/67 68/68/68 117/117/117
f 68/68/68 118/118/118 117/117/117
f 68/68/68 69/69/69 118/118/118
f 69/69/69 119/119/119 118/118/118
f 69/69/69 70/70/70 119/119/119
f 70/70/70 120/120/120 119/119/119
f 70/70/70 71/71/71 120/120/120
f 71/71/71 121/121/121 120/120/120
f 71/71/71 72/72/72 121/121/121
f 72/72/72 122/122/122 121/121/121
f 72/72/72 73/73/73 122/122/122
f 73/73/73 123/123/123 122/122/122
f 73/73/73 74/74/74 123/123/123
f 74/74/74 124/124/124 123/123/123
f 74/74/74 75/75/75 124/124/124
f 75/75/75 125/125/125 124/124/124
f 75/75/75 76/76/76 125/125/125
f 76/76/76 126/126/126 125/125/125
f 101/101/101 102/102/102 151/151/151
f 102/102/102 152/152/152 151/151/151
f 102/102/102 103/103/103 152/152/152
f 103/103/103 153/153/153 152/152/152
f 103/103/103 104/104/104 153/153/153
f 104/104/104 154/154/154 153/153/153
f 104/104/104 105/105/105 154/154/154
f 105/105/105 155/155/155 154/154/154
f 105/105/105 106/106/106 155/155/155
f 106/106/106 156/156/156 155/155/155
f 106/106/106 107/107/107 156/156/156
f 107/107/107 157/157/157 156/156/156
f 107/107/107 108/108/108 157/157/157
f 108/108/108 158/158/158 157/157/157
f 108/108/108 109/109/109 158/158/158
f 109/109/109 159/159/159 158/158/158
f 109/109/109 110/110/110 159/159/159
f 110/110/110 160/160/160 159/159/159
f 110/110/110 111/111/111 160/160/160
f 111/111/111 161/161/161 160/160/160
f 111/111/111 112/112/112 161/161/161
f 112/112/112 162/162/162 161/161/161
f 112/112/112 113/113/113 162/162/162
f 113/113/113 163/163/163 162/162/162
f 113/113/113 114/114/114 163/163/163
f 114/114/114 164/164/164 163/163/163
f 114/114/114 115/115/115 164/164/164
f 115/115/115 165/165/165 164/164/164
f 115/115/115 116/116/116 165/165/165
f 116/116/116 166/166/166 165/165/165
f 116/116/116 117/117/117 166/166/166
f 117/117/117 167/167/167 166/166/166
f 117/117/117 118/118/118 167/167/167
f 118/118/118 168/168/168 167/167/167
f 118/118/118 119/119/119 168/168/168
f 119/119/119 169/169/169 168/168/168
f 119/119/119 120/120/120 169/169/169
f 120/120/120 170/170/170 169/169/169
f 120/120/120 121/121/121 170/170/170
f 121/121/121 171/171/171 170/170/170
f 121/121/121 122/122/122 171/171/171
f 122/122/122 172/172/172 171/171/171
f 122/122/122 123/123/123 172/172/172
f 123/123/123 173/173/173 172/172/172
f 123/123/123 124/124/124 173/173/173
f 124/124/124 174/174/174 173/173/173
f 124/124/124 125/125/125 174/174/174
f 125/125/125 175/175/175 174/174/174
f 125/125/125 126/126/126 175/175/175
f 126/126/126 176/176/176 175/175/175
f 151/151/151 152/152/152 201/201/201
f 152/152/152 202/202/202 201/201/201
f 152/152/152 153/153/153 202/202/202
f 153/153/153 203/203/203 202/202/202
f 153/153/153 154/154/154 203/203/203
f 154/154/154 204/204/204 203/203/203
f 154/154/154 155/155/155 204/204/204
f 155/155/155 205/205/205 204/204/204
f 155/155/155 156/156/156 205/205/205
f 156/156/156 206/206/206 205/205/205
f 156/156/156 157/157/157 206/206/206
f 157/157/157 207/207/207 206/206/206
f 157/157/157 158/158/158 207/207/207
f 158/158/158 208/208/208 207/207/207
f 158/158/158 159/159/159 208/208/208
f 159/159/159 209/209/209 208/208/208
f 159/159/159 160/160/160 209/209/209
f 160/160/160 210/210/210 209/209/209
f 160/160/160 161/161/161 210/210/210
f 161/161/161 211/211/211 210/210/210
f 161/161/161 162/162/162 211/211/211
f 162/162/162 212/212/212 211/211/211
f 162/162/162 163/163/163 212/212/212
f 163/163/163 213/213/213 212/212/212
f 163/163/163 164/164/164 213/213/213
f 164/164/164 214/214/214 213/213/213
f 164/164/164 165/165/165 214/214/214
f 165/165/165 215/215/215 214/214/214
f 165/165/165 166/166/166 215/215/215
f 166/166/166 216/216/216 215/215/215
f 166/166/166 167/167/167 216/216/216
f 167/167/167 217/217/217 216/216/216
f 167/167/167 168/168/168 217/217/217
f 168/168/168 218/218/218 217/217/217
f 168/168/168 169/169/169 218/218/218
f 169/169/169 219/219/219 218/218/218
f 169/169/169 170/170/170 219/219/219
f 170/170/170 220/220/220 219/219/219
f 170/170/170 171/171/171 220/220/220
f 171/171/171 221/221/221 220/220/220
f 171/171/171 172/172/172 221/221/221
f 172/172/172 222/222/222 221/221/221
f 172/172/172 173/173/173 222/222/222
f 173/173/173 223/223/223 222/222/222
f 173/173/173 174/174/174 223/223/223
f 174/174/174 224/224/224 223/223/223
f 174/174/174 175/175/175 224/224/224
f 175/175/175 225/225/225 224/224/224
f 175/175/175 176/176/176 225/225/225
f 176/176/176 226/226/226 225/225/225
f 201/201/201 202/202/202 251/251/251
f 202/202/202 252/252/252 251/251/251
f 202/202/202 203/203/203 252/252/252
f 203/203/203 253/253/253 252/252/252
f 203/203/203 204/204/204 253/253/253
f 204/204/204 254/254/254 253/253/253
f 204/204/204 205/205/205 254/254/254
f 205/205/205 255/255/255 254/254/254
f 205/205/205 206/206/206 255/255/255
f 206/206/206 256/256/256 255/255/255
f 206/206/206 207/207/207 256/256/256
f 207/207/207 257/257/257 256/256/256
f 207/207/207 208/208/208 257/257/257
f 208/208/208 258/258/258 257/257/257
f 208/208/208 209/209/209 258/258/258
f 209/209/209 259/259/259 258/258/258
f 209/209/209 210/210/210 259/259/259
f 210/210/210 260/260/260 259/259/259
f 210/210/210 211/211/211 260/260/260
f 211/211/211 261/261/261 260/260/260
f 211/211/211 212/212/212 261/261/261
f 212/212/212 262/262/262 261/261/261
f 212/212/212 213/213/213 262/262/262
f 213/213/213 263/263/263 262/262/262
f 213/213/213 214/214/214 263/263/263
f 214/214/214 264/264/264 263/263/263
f 214/214/214 215/215/215 264/264/264
f 215/215/215 265/265/265 264/264/264
f 215/215/215 216/216/216 265/265/265
f 216/216/216 266/266/266 265/265/265
f 216/216/216 217/217/217 266/266/266
f 217/217/217 267/267/267 266/266/266
f 217/217/217 218/218/218 267/267/267
f 218/218/218 268/268/268 267/267/267
f 218/218/218 219/219/219 268/268/268
f 219/219/219 269/269/269 268/268/268
f 219/219/219 220/220/220 269/269/269
f 220/220/220 270/270/270 269/269/269
f 220/220/220 221/221/221 270/270/270
f 221/221/221 271/271/271 270/270/270
f 221/221/221 222/222/222 271/271/271
f 222/222/222 272/272/272 271/271/271
f 222/222/222 223/223/223 272/272/272
f 223/223/223 273/273/273 272/272/272
f 223/223/223 224/224/224 273/273/273
f 224/224/224 274/274/274 273/273/273
f 224/224/224 225/225/225 274/274/274
f 225/225/225 275/275/275 274/274/274
f 225/225/225 226/226/226 275/275/275
f 226/226/226 276/276/276 275/275/275
f 251/251/251 252/252/252 301/301/301
f 252/252/252 302/302/302 301/301/301
f 252/252/252 253/253/253 302/302/302
f 253/253/253 303/303/303 302/302/302
f 253/253/253 254/254/254 303/303/303
f 254/254/254 304/304/304 303/303/303
f 254/254/254 255/255/255 304/304/304
f 255/255/255 305/305/305 304/304/304
f 255/255/255 256/256/256 305/305/305
f 256/256/256 306/306/306 305/305/305
f 256/256/256 257/257/257 306/306/306
f 257/257/257 307/307/307 306/306/306
f 257/257/257 258/258/258 307/307/307
f 258/258/258 308/308/308 307/307/307
f 258/258/258 259/259/259 308/308/308
f 259/259/259 309/309/309 308/308/308
f 259/259/259 260/260/260 309/309/309
f 260/260/260 310/310/310 309/309/309
f 260/260/260 261/261/261 310/310/310
f 261/261/261 311/311/311 310/310/310
f 261/261/261 262/262/262 311/311/311
f 262/262/262 312/312/312 311/311/311
f 262/262/262 263/263/263 312/312/312
f 263/263/263 313/313/313 312/312/312
f 263/263/263 264/264/264 313/313/313
f 264/264/264 314/314/314 313/313/313
f 264/264/264 265/265/265 314/314/314
f 265/265/265 315/315/315 314/314/314
f 265/265/265 266/266/266 315/315/315
f 266/266/266 316/316/316 315/315/315
f 266/266/266 267/267/267 316/316/316
f 267/267/267 317/317/317 316/316/316
f 267/267/267 268/268/268 317/317/317
f 268/268/268 318/318/318 317/317/317
f 268/268/268 269/269/269 318/318/318
f 269/269/269 319/319/319 318/318/318
f 269/269/269 270/270/270 319/319/319
f 270/270/270 320/320/320 319/319/319
f 270/270/270 271/271/271 320/320/320
f 271/271/271 321/321/321 320/320/320
f 271/271/271 272/272/272 321/321/321
f 272/272/272 322/322/322 321/321/321
f 272/272/272 273/273/273 322/322/322
f 273/273/273 323/323/323 322/322/322
f 273/273/273 274/274/274 323/323/323
f 274/274/274 324/324/324 323/323/323
f 274/274/274 275/275/275 324/324/324
f 275/275/275 325/325/325 324/324/324
f 275/275/275 276/276/276 325/325/325
f 276/276/276 326/326/326 325/325/325
f 301/301/301 302/302/302 351/351/351
f 302/302/302 352/352/352 351/351/351
f 302/302/302 303/303/303 352/352/352
f 303/303/303 353/353/353 352/352/352
f 303/303/303 304/304/304 353/353/353
f 304/304/304 354/354/354 353/353/353
f 304/304/304 305/305/305 354/354/354
f 305/305/305 355/355/355 354/354/354
f 305/305/305 306/306/306 355/355/355
f 306/306/306 356/356/356 355/355/355
f 306/306/306 307/307/307 356/356/356
f 307/307/307 357/357/357 356/356/356
f 307/307/307 308/308/308 357/357/357
f 308/308/308 358/358/358 357/357/357
f 308/308/308 309/309/309 358/358/358
f 309/309/309 359/359/359 358/358/358
f 309/309/309 310/310/310 359/359/359
f 310/310/310 360/360/360 359/359/359
f 310/310/310 311/311/311 360/360/360
f 311/311/311 361/361/361 360/360/360
f 311/311/311 312/312/312 361/361/361
f 312/312/312 362/362/362 361/361/361
f 312/312/312 313/313/313 362/362/362
f 313/313/313 363/363/363 362/362/362
f 313/313/313 314/314/314 363/363/363
f 314/314/314 364/364/364 363/363/363
f 314/314/314 315/315/315 364/364/364
f 315/315/315 365/365/365 364/364/364
f 315/315/315 316/316/316 365/365/365
f 316/316/316 366/366/366 365/365/365
f 316/316/316 317/317/317 366/366/366
f 317/317/317 367/367/367 366/366/366
f 317/317/317 318/318/318 367/367/367
f 318/318/318 368/368/368 367/367/367
f 318/318/318 319/319/319 368/368/368
f 319/319/319 369/369/369 368/368/368
f 319/319/319 320/320/320 369/369/369
f 320/320/320 370/370/370 369/369/369
f 320/320/320 321/321/321 370/370/370
f 321/321/321 371/371/371 370/370/370
f 321/321/321 322/322/322 371/371/371
f 322/322/322 372/372/372 371/371/371
f 322/322/322 323/323/323 372/372/372
f 323/323/323 373/373/373 372/372/372
f 323/323/323 324/324/324 373/373/373
f 324/324/324 374/374/374 373/373/373
f 324/324/324 325/325/325 374/374/374
f 325/325/325 375/375/375 374/374/374
f 325/325/325 326/326/326 375/375/375
f 326/326/326 376/376/376 375/375/375
f 351/351/351 352/352/352 401/401/401
f 352/352/352 402/402/402 401/401/401
f 352/352/352 353/353/353 402/402/402
f 353/353/353 403/403/403 402/402/402
f 353/353/353 354/354/354 403/403/403
f 354/354/354 404/404/404 403/403/403
f 354/354/354 355/355/355 404/404/404
f 355/355/355 405/405/405 404/404/404
f 355/355/355 356/356/356 405/405/405
f 356/356/356 406/406/406 405/405/405
f 356/356/356 357/357/357 406/406/406
f 357/357/357 407/407/407 406/406/406
f 357/357/357 358/358/358 407/407/407
f 358/358/358 408/408/408 407/407/407
f 358/358/358 359/359/359 408/408/408
f 359/359/359 409/409/409 408/408/408
f 359/359/359 360/360/360 409/409/409
f 360/360/360 410/410/410 409/409/409
f 360/360/360 361/361/361 410/410/410
f 361/361/361 411/411/411 410/410/410
f 361/361/361 362/362/362 411/411/411
f 362/362/362 412/412/412 411/411/411
f 362/362/362 363/363/363 412/412/412
f 363/363/363 413/413/413 412/412/412
f 363/363/363 364/364/364 413/413/413
f 364/364/364 414/414/414 413/413/413
f 364/364/364 365/365/365 414/414/414
f 365/365/365 415/415/415 414/414/414
f 365/365/365 366/366/366 415/415/415
f 366/366/366 416/416/416 415/415/415
f 366/366/366 367/367/367 416/416/416
f 367/367/367 417/417/417 416/416/416
f 367/367/367 368/368/368 417/417/417
f 368/368/368 418/418/418 417/417/417
f 368/368/368 369/369/369 418/418/418
f 369/369/369 419/419/419 418/418/418
f 369/369/369 370/370/370 419/419/419
f 370/370/370 420/420/420 419/419/419
f 370/370/370 371/371/371 420/420/420
f 371/371/371 421/421/421 420/420/420
f 371/371/371 372/372/372 421/421/421
f 372/372/372 422/422/422 421/421/421
f 372/372/372 373/373/373 422/422/422
f 373/373/373 423/423/423 422/422/422
f 373/373/373 374/374/374 423/423/423
f 374/374/374 424/424/424 423/423/423
f 374/374/374 375/375/375 424/424/424
f 375/375/375 425/425/425 424/424/424
f 375/375/375 376/376/376 425/425/425
f 376/376/376 426/426/426 425/425/425
f 401/401/401 402/402/402 451/451/451
f 402/402/402 452/452/452 451/451/451
f 402/402/402 403/403/403 452/452/452
f 403/403/403 453/453/453 452/452/452
f 403/403/403 404/404/404 453/453/453
f 404/404/404 454/454/454 453/453/453
f 404/404/404 405/405/405 454/454/454
f 405/405/405 455/455/455 454/454/454
f 405/405/405 406/406/406 455/455/455
f 406/406/406 456/456/456 455/455/455
f 406/406/406 407/407/407 456/456/456
f 407/407/407 457/457/457 456/456/456
f 407/407/407 408/408/408 457/457/457
f 408/408/408 458/458/458 457/457/457
f 408/408/408 409/409/409 458/458/458
f 409/409/409 459/459/459 458/458/458
f 409/409/409 410/410/410 459/459/459
f 410/410/410 460/460/460 459/459/459
f 410/410/410 411/411/411 460/460/460
f 411/411/411 461/461/461 460/460/460
f 411/411/411 412/412/412 461/461/461
f 412/412/412 462/462/462 461/461/461
f 412/412/412 413/413/413 462/462/462
f 413/413/413 463/463/463 462/462/462
f 413/413/413 414/414/414 463/463/463
f 414/414/414 464/464/464 463/463/463
f 414/414/414 415/415/415 464/464/464
f 415/415/415 465/465/465 464/464/464
f 415/415/415 416/416/416 465/465/465
f 416/416/416 466/466/466 465/465/465
f 416/416/416 417/417/417 466/466/466
f 417/417/417 467/467/467 466/466/466
f 417/417/417 418/418/418 467/467/467
f 418/418/418 468/468/468 467/467/467
f 418/418/418 419/419/419 468/468/468
f 419/419/419 469/469/469 468/468/468
f 419/419/419 420/420/420 469/469/469
f 420/420/420 470/470/470 469/469/469
f 420/420/420 421/421/421 470/470/470
f 421/421/421 471/471/471 470/470/470
f 421/421/421 422/422/422 471/471/471
f 422/422/422 472/472/472 471/471/471
f 422/422/422 423/423/423 472/472/472
f 423/423/423 473/473/473 472/472/472
f 423/423/423 424/424/424 473/473/473
f 424/424/424 474/474/474 473/473/473
f 424/424/424 425/425/425 474/474/474
f 425/425/425 475/475/475 474/474/474
f 425/425/425 426/426/426 475/475/475
f 426/426/426 476/476/476 475/475/475
f 451/451/451 452/452/452 501/501/501
f 452/452/452 502/502/502 501/501/501
f 452/452/452 453/453/453 502/502/502
f 453/453/453 503/503/503 502/502/502
f 453/453/453 454/454/454 503/503/503
f 454/454/454 504/504/504 503/503/503
f 454/454/454 455/455/455 504/504/504
f 455/455/455 505/505/505 504/504/504
f 455/455/455 456/456/456 505/505/505
f 456/456/456 506/506/506 505/505/505
f 456/456/456 457/457/457 506/506/506
f 457/457/457 507/507/507 506/506/506
f 457/457/457 458/458/458 507/507/507
f 458/458/458 508/508/508 507/507/507
f 458/458/458 459/459/459 508/508/508
f 459/459/459 509/509/509 508/508/508
f 459/459/459 460/460/460 509/509/509
f 460/460/460 510/510/510 509/509/509
f 460/460/460 461/461/461 510/510/510
f 461/461/461 511/511/511 510/510/510
f 461/461/461 462/462/462 511/511/511
f 462/462/462 512/512/512 511/511/511
f 462/462/462 463/463/463 512/512/512
f 463/463/463 513/513/513 512/512/512
f 463/463/463 464/464/464 513/513/513
f 464/464/464 514/514/514 513/513/513
f 464/464/464 465/465/465 514/514/514
f 465/465/465 515/515/515 514/514/514
f 465/465/465 466/466/466 515/515/515
f 466/466/466 516/516/516 515/515/515
f 466/466/466 467/467/467 516/516/516
f 467/467/467 517/517/517 516/516/516
f 467/467/467 468/468/468 517/517/517
f 468/468/468 518/518/518 517/517/517
f 468/468/468 469/469/469 518/518/518
f 469/469/469 519/519/519 518/518/518
f 469/469/469 470/470/470 519/519/519
f 470/470/470 520/520/520 519/519/519
f 470/470/470 471/471/471 520/520/520
f 471/471/471 521/521/521 520/520/520
f 471/471/471 472/472/472 521/521/521
f 472/472/472 522/522/522 521/521/521
f 472/472/472 473/473/473 522/522/522
f 473/473/473 523/523/523 522/522/522
f 473/473/473 474/474/474 523/523/523
f 474/474/474 524/524/524 523/523/523
f 474/474/474 475/475/475 524/524/524
f 475/475/475 525/525/525 524/524/524
f 475/475/475 476/476/476 525/525/525
f 476/476/476 526/526/526 525/525/525
f 501/501/501 502/502/502 551/551/551
f 502/502/502 552/552/552 551/551/551
f 502/502/502 503/503/503 552/552/552
f 503/503/503 553/553/553 552/552/552
f 503/503/503 504/504/504 553/553/553
f 504/504/504 554/554/554 553/553/553
f 504/504/504 505/505/505 554/554/554
f 505/505/505 555/555/555 554/554/554
f 505/505/505 506/506/506 555/555/555
f 506/506/506 556/556/556 555/555/555
f 506/506/506 507/507/507 556/556/556
f 507/507/507 557/557/557 556/556/556
f 507/507/507 508/508/508 557/557/557
f 508/508/508 558/558/558 557/557/557
f 508/508/508 509/509/509 558/558/558
f 509/509/509 559/559/559 558/558/558
f 509/509/509 510/510/510 559/559/559
f 510/510/510 560/560/560 559/559/559
f 510/510/510 511/511/511 560/560/560
f 511/511/511 561/561/561 560/560/560
f 511/511/511 512/512/512 561/561/561
f 512/512/512 562/562/562 561/561/561
f 512/512/512 513/513/513 562/562/562
f 513/513/513 563/563/563 562/562/562
f 513/513/513 514/514/514 563/563/563
f 514/514/514 564/564/564 563/563/563
f 514/514/514 515/515/515 564/564/564
f 515/515/515 565/565/565 564/564/564
f 515/515/515 516/516/516 565/565/565
f 516/516/516 566/566/566 565/565/565
f 516/516/516 517/517/517 566/566/566
f 517/517/517 567/567/567 566/566/566
f 517/517/517 518/518/518 567/567/567
f 518/518/518 568/568/568 567/567/567
f 518/518/518 519/519/519 568/568/568
f 519/519/519 569/569/569 568/568/568
f 519/519/519 520/520/520 569/569/569
f 520/520/520 570/570/570 569/569/569
f 520/520/520 521/521/521 570/570/570
f 521/521/521 571/571/571 570/570/570
f 521/521/521 522/522/522 571/571/571
f 522/522/522 572/572/572 571/571/571
f 522/522/522 523/523/523 572/572/572
f 523/523/523 573/573/573 572/572/572
f 523/523/523 524/524/524 573/573/573
f 524/524/524 574/574/574 573/573/573
f 524/524/524 525/525/525 574/574/574
f 525/525/525 575/575/575 574/574/574
f 525/525/525 526/526/526 575/575/575
f 526/526/526 576/576/576 575/575/575
f 551/551/551 552/552/552 601/601/601
f 552/552/552 602/602/602 601/601/601
f 552/552/552 553/553/553 602/602/602
f 553/553/553 603/603/603 602/602/602
f 553/553/553 554/554/554 603/603/603
f 554/554/554 604/604/604 603/603/603
f 554/554/554 555/555/555 604/604/604
f 555/555/555 605/605/605 604/604/604
f 555/555/555 556/556/556 605/605/605
f 556/556/556 606/606/606 605/605/605
f 556/556/556 557/557/557 606/606/606
f 557/557/557 607/607/607 606/606/606
f 557/557/557 558/558/558 607/607/607
f 558/558/558 608/608/608 607/607/607
f 558/558/558 559/559/559 608/608/608
f 559/559/559 609/609/609 608/608/608
f 559/559/559 560/560/560 609/609/609
f 560/560/560 610/610/610 609/609/609
f 560/560/560 561/561/561 610/610/610
f 561/561/561 611/611/611 610/610/610
f 561/561/561 562/562/562 611/611/611
f 562/562/562 612/612/612 611/611/611
f 562/562/562 563/563/563 612/612/612
f 563/563/563 613/613/613 612/612/612
f 563/563/563 564/564/564 613/613/613
f 564/564/564 614/614/614 613/613/613
f 564/564/564 565/565/565 614/614/614
f 565/565/565 615/615/615 614/614/614
f 565/565/565 566/566/566 615/615/615
f 566/566/566 616/616/616 615/615/615
f 566/566/566 567/567/567 616/616/616
f 567/567/567 617/617/617 616/616/616
f 567/567/567 568/568/568 617/617/617
f 568/568/568 618/618/618 617/617/617
f 568/568/568 569/569/569 618/618/618
f 569/569/569 619/619/619 618/618/618
f 569/569/569 570/570/570 619/619/619
f 570/570/570 620/620/620 619/619/619
f 570/570/570 571/571/571 620/620/620
f 571/571/571 621/621/621 620/620/620
f 571/571/571 572/572/572 621/621/621
f 572/572/572 622/622/622 621/621/621
f 572/572/572 573/573/573 622/622/622
f 573/573/573 623/623/623 622/622/622
f 573/573/573 574/574/574 623/623/623
f 574/574/574 624/624/624 623/623/623
f 574/574/574 575/575/575 624/624/624
f 575/575/575 625/625/625 624/624/624
f 575/575/575 576/576/576 625/625/625
f 576/576/576 626/626/626 625/625/625
f 601/601/601 602/602/602 651/651/651
f 602/602/602 652/652/652 651/651/651
f 602/602/602 603/603/603 652/652/652
f 603/603/603 653/653/653 652/652/652
f 603/603/603 604/604/604 653/653/653
f 604/604/604 654/654/654 653/653/653
f 604/604/604 605/605/605 654/654/654
f 605/605/605 655/655/655 654/654/654
f 605/605/605 606/606/606 655/655/655
f 606/606/606 656/656/656 655/655/655
f 606/606/606 607/607/607 656/656/656
f 607/607/607 657/657/657 656/656/656
f 607/607/607 608/608/608 657/657/657
f 608/608/608 658/658/658 657/657/657
f 608/608/608 609/609/609 658/658/658
f 609/609/609 659/659/659 658/658/658
f 609/609/609 610/610/610 659/659/659
f 610/610/610 660/660/660 659/659/659
f 610/610/610 611/611/611 660/660/660
f 611/611/611 661/661/661 660/660/660
f 611/611/611 612/612/612 661/661/661
f 612/612/612 662/662/662 661/661/661
f 612/612/612 613/613/613 662/662/662
f 613/613/613 663/663/663 662/662/662
f 613/613/613 614/614/614 663/663/663
f 614/614/614 664/664/664 663/663/663
f 614/614/614 615/615/615 664/664/664
f 615/615/615 665/665/665 664/664/664
f 615/615/615 616/616/616 665/665/665
f 616/616/616 666/666/666 665/665/665
f 616/616/616 617/617/617 666/666/666
f 617/617/617 667/667/667 666/666/666
f 617/617/617 618/618/618 667/667/667
f 618/618/618 668/668/668 667/667/667
f 618/618/618 619/619/619 668/668/668
f 619/619/619 669/669/669 668/668/668
f 619/619/619 620/620/620 669/669/669
f 620/620/620 670/670/670 669/669/669
f 620/620/620 621/621/621 670/670/670
f 621/621/621 671/671/671 670/670/670
f 621/621/621 622/622/622 671/671/671
f 622/622/622 672/672/672 671/671/671
f 622/622/622 623/623/623 672/672/672
f 623/623/623 673/673/673 672/672/672
f 623/623/623 624/624/624 673/673/673
f 624/624/624 674/674/674 673/673/673
f 624/624/624 625/625/625 674/674/674
f 625/625/625 675/675/675 674/674/674
f 625/625/625 626/626/626 675/675/675
f 626/626/626 676/676/676 675/675/675
f 651/651/651 652/652/652 701/701/701
f 652/652/652 702/702/702 701/701/701
f 652/652/652 653/653/653 702/702/702
f 653/653/653 703/703/703 702/702/702
f 653/653/653 654/654/654 703/703/703
f 654/654/654 704/704/704 703/703/703
f 654/654/654 655/655/655 704/704/704
f 655/655/655 705/705/705 704/704/704
f 655/655/655 656/656/656 705/705/705
f 656/656/656 706/706/706 705/705/705
f 656/656/656 657/657/657 706/706/706
f 657/657/657 707/707/707 706/706/706
f 657/657/657 658/658/658 707/707/707
f 658/658/658 708/708/708 707/707/707
f 658/658/658 659/659/659 708/708/708
f 659/659/659 709/709/709 708/708/708
f 659/659/659 660/660/660 709/709/709
f 660/660/660 710/710/710 709/709/709
f 660/660/660 661/661/661 710/710/710
f 661/661/661 711/711/711 710/710/710
f 661/661/661 662/662/662 711/711/711
f 662/662/662 712/712/712 711/711/711
f 662/662/662 663/663/663 712/712/712
f 663/663/663 713/713/713 712/712/712
f 663/663/663 664/664/664 713/713/713
f 664/664/664 714/714/714 713/713/713
f 664/664/664 665/665/665 714/714/714
f 665/665/665 715/715/715 714/714/714
f 665/665/665 666/666/666 715/715/715
f 666/666/666 716/716/716 715/715/715
f 666/666/666 667/667/667 716/716/716
f 667/667/667 717/717/717 716/716/716
f 667/667/667 668/668/668 717/717/717
f 668/668/668 718/718/718 717/717/717
f 668/668/668 669/669/669 718/718/718
f 669/669/669 719/719/719 718/718/718
f 669/669/669 670/670/670 719/719/719
f 670/670/670 720/720/720 719/719/719
f 670/670/670 671/671/671 720/720/720
f 671/671/671 721/721/721 720/720/720
f 671/671/671 672/672/672 721/721/721
f 672/672/672 722/722/722 721/721/721
f 672/672/672 673/673/673 722/722/722
f 673/673/673 723/723/723 722/722/722
f 673/673/673 674/674/674 723/723/723
f 674/674/674 724/724/724 723/723/723
f 674/674/674 675/675/675 724/724/724
f 675/675/675 725/725/725 724/724/724
f 675/675/675 676/676/676 725/725/725
f 676/676/676 726/726/726 725/725/725
f 701/701/701 702/702/702 751/751/751
f 702/702/702 752/752/752 751/751/751
f 702/702/702 703/703/703 752/752/752
f 703/703/703 753/753/753 752/752/752
f 703/703/703 704/704/704 753/753/753
f 704/704/704 754/754/754 753/753/753
f 704/704/704 705/705/705 754/754/754
f 705/705/705 755/755/755 754/754/754
f 705/705/705 706/706/706 755/755/755
f 706/706/706 756/756/756 755/755/755
f 706/706/706 707/707/707 756/756/756
f 707/707/707 757/757/757 756/756/756
f 707/707/707 708/708/708 757/757/757
f 708/708/708 758/758/758 757/757/757
f 708/708/708 709/709/709 758/758/758
f 709/709/709 759/759/759 758/758/758
f 709/709/709 710/710/710 759/759/759
f 710/710/710 760/760/760 759/759/759
f 710/710/710 711/711/711 760/760/760
f 711/711/711 761/761/761 760/760/760
f 711/711/711 712/712/712 761/761/761
f 712/712/712 762/762/762 761/761/761
f 712/712/712 713/713/713 762/762/762
f 713/713/713 763/763/763 762/762/762
f 713/713/713 714/714/714 763/763/763
f 714/714/714 764/764/764 763/763/763
f 714/714/714 715/715/715 764/764/764
f 715/715/715 765/765/765 764/764/764
f 715/715/715 716/716/716 765/765/765
f 716/716/716 766/766/766 765/765/765
f 716/716/716 717/717/717 766/766/766
f 717/717/717 767/767/767 766/766/766
f 717/717/717 718/718/718 767/767/767
f 718/718/718 768/768/768 767/767/767
f 718/718/718 719/719/719 768/768/768
f 719/719/719 769/769/769 768/768/768
f 719/719/719 720/720/720 769/769/769
f 720/720/720 770/770/770 769/769/769
f 720/720/720 721/721/721 770/770/770
f 721/721/721 771/771/771 770/770/770
f 721/721/721 722/722/722 771/771/771
f 722/722/722 772/772/772 771/771/771
f 722/722/722 723/723/723 772/772/772
f 723/723/723 773/773/773 772/772/772
f 723/723/723 724/724/724 773/773/773
f 724/724/724 774/774/774 773/773/773
f 724/724/724 725/725/725 774/774/774
f 725/725/725 775/775/775 774/774/774
f 725/725/725 726/726/726 775/775/775
f 726/726/726 776/776/776 775/775/775
f 751/751/751 752/752/752 801/801/801
f 752/752/752 802/802/802 801/801/801
f 752/752/752 753/753/753 802/802/802
f 753/753/753 803/803/803 802/802/802
f 753/753/753 754/754/754 803/803/803
f 754/754/754 804/804/804 803/803/803
f 754/754/754 755/755/755 804/804/804
f 755/755/755 805/805/805 804/804/804
f 755/755/755 756/756/756 805/805/805
f 756/756/756 806/806/806 805/805/805
f 756/756/756 757/757/757 806/806/806
f 757/757/757 807/807/807 806/806/806
f 757/757/757 758/758/758 807/807/807
f 758/758/758 808/808/808 807/807/807
f 758/758/758 759/759/759 808/808/808
f 759/759/759 809/809/809 808/808/808
f 759/759/759 760/760/760 809/809/809
f 760/760/760 810/810/810 809/809/809
f 760/760/760 761/761/761 810/810/810
f 761/761/761 811/811/811 810/810/810
f 761/761/761 762/762/762 811/811/811
f 762/762/762 812/812/812 811/811/811
f 762/762/762 763/763/763 812/812/812
f 763/763/763 813/813/813 812/812/812
f 763/763/763 764/764/764 813/813/813
f 764/764/764 814/814/814 813/813/813
f 764/764/764 765/765/765 814/814/814
f 765/765/765 815/815/815 814/814/814
f 765/765/765 766/766/766 815/815/815
f 766/766/766 816/816/816 815/815/815
f 766/766/766 767/767/767 816/816/816
f 767/767/767 817/817/817 816/816/816
f 767/767/767 768/768/768 817/817/817
f 768/768/768 818/818/818 817/817/817
f 768/768/768 769/769/769 818/818/818
f 769/769/769 819/819/819 818/818/818
f 769/769/769 770/770/770 819/819/819
f 770/770/770 820/820/820 819/819/819
f 770/770/770 771/771/771 820/820/820
f 771/771/771 821/821/821 820/820/820
f 771/771/771 772/772/772 821/821/821
f 772/772/772 822/822/822 821/821/821
f 772/772/772 773/773/773 822/822/822
f 773/773/773 823/823/823 822/822/822
f 773/773/773 774/774/774 823/823/823
f 774/774/774 824/824/824 823/823/823
f 774/774/774 775/775/775 824/824/824
f 775/775/775 825/825/825 824/824/824
f 775/775/775 776/776/776 825/825/825
f 776/776/776 826/826/826 825/825/825
f 801/801/801 802/802/802 851/851/851
f 802/802/802 852/852/852 851/851/851
f 802/802/802 803/803/803 852/852/852
f 803/803/803 853/853/853 852/852/852
f 803/803/803 804/804/804 853/853/853
f 804/804/804 854/854/854 853/853/853
f 804/804/804 805/805/805 854/854/854
f 805/805/805 855/855/855 854/854/854
f 805/805/805 806/806/806 855/855/855
f 806/806/806 856/856/856 855/855/855
f 806/806/806 807/807/807 856/856/856
f 807/807/807 857/857/857 856/856/856
f 807/807/807 808/808/808 857/857/857
f 808/808/808 858/858/858 857/857/857
f 808/808/808 809/809/809 858/858/858
f 809/809/809 859/859/859 858/858/858
f 809/809/809 810/810/810 859/859/859
f 810/810/810 860/860/860 859/859/859
f 810/810/810 811/811/811 860/860/860
f 811/811/811 861/861/861 860/860/860
f 811/811/811 812/812/812 861/861/861
f 812/812/812 862/862/862 861/861/861
f 812/812/812 813/813/813 862/862/862
f 813/813/813 863/863/863 862/862/862
f 813/813/813 814/814/814 863/863/863
f 814/814/814 864/864/864 863/863/863
f 814/814/814 815/815/815 864/864/864
f 815/815/815 865/865/865 864/864/864
f 815/815/815 816/816/816 865/865/865
f 816/816/816 866/866/866 865/865/865
f 816/816/816 817/817/817 866/866/866
f 817/817/817 867/867/867 866/866/866
f 817/817/817 818/818/818 867/867/867
f 818/818/818 868/868/868 867/867/867
f 818/818/818 819/819/819 868/868/868
f 819/819/819 869/869/869 868/868/868
f 819/819/819 820/820/820 869/869/869
f 820/820/820 870/870/870 869/869/869
f 820/820/820 821/821/821 870/870/870
f 821/821/821 871/871/871 870/870/870
f 821/821/821 822/822/822 871/871/871
f 822/822/822 872/872/872 871/871/871
f 822/822/822 823/823/823 872/872/872
f 823/823/823 873/873/873 872/872/872
f 823/823/823 824/824/824 873/873/873
f 824/824/824 874/874/874 873/873/873
f 824/824/824 825/825/825 874/874/874
f 825/825/825 875/875/875 874/874/874
f 825/825/825 826/826/826 875/875/875
f 826/826/826 876/876/876 875/875/875
f 851/851/851 852/852/852 901/901/901
f 852/852/852 902/902/902 901/901/901
f 852/852/852 853/853/853 902/902/902
f 853/853/853 903/903/903 902/902/902
f 853/853/853 854/854/854 903/903/903
f 854/854/854 904/904/904 903/903/903
f 854/854/854 855/855/855 904/904/904
f 855/855/855 905/905/905 904/904/904
f 855/855/855 856/856/856 905/905/905
f 856/856/856 906/906/906 905/905/905
f 856/856/856 857/857/857 906/906/906
f 857/857/857 907/907/907 906/906/906
f 857/857/857 858/858/858 907/907/907
f 858/858/858 908/908/908 907/907/907
f 858/858/858 859/859/859 908/908/908
f 859/859/859 909/909/909 908/908/908
f 859/859/859 860/860/860 909/909/909
f 860/860/860 910/910/910 909/909/909
f 860/860/860 861/861/861 910/910/910
f 861/861/861 911/911/911 910/910/910
f 861/861/861 862/862/862 911/911/911
f 862/862/862 912/912/912 911/911/911
f 862/862/862 863/863/863 912/912/912
f 863/863/863 913/913/913 912/912/912
f 863/863/863 864/864/864 913/913/913
f 864/864/864 914/914/914 913/913/913
f 864/864/864 865/865/865 914/914/914
f 865/865/865 915/915/915 914/914/914
f 865/865/865 866/866/866 915/915/915
f 866/866/866 916/916/916 915/915/915
f 866/866/866 867/867/867 916/916/916
f 867/867/867 917/917/917 916/916/916
f 867/867/867 868/868/868 917/917/917
f 868/868/868 918/918/918 917/917/917
f 868/868/868 869/869/869 918/918/918
f 869/869/869 919/919/919 918/918/918
f 869/869/869 870/870/870 919/919/919
f 870/870/870 920/920/920 919/919/919
f 870/870/870 871/871/871 920/920/920
f 871/871/871 921/921/921 920/920/920
f 871/871/871 872/872/872 921/921/921
f 872/872/872 922/922/922 921/921/921
f 872/872/872 873/873/873 922/922/922
f 873/873/873 923/923/923 922/922/922
f 873/873/873 874/874/874 923/923/923
f 874/874/874 924/924/924 923/923/923
f 874/874/874 875/875/875 924/924/924
f 875/875/875 925/925/925 924/924/924
f 875/875/875 876/876/876 925/925/925
f 876/876/876 926/926/926 925/925/925
f 901/901/901 902/902/902 951/951/951
f 902/902/902 952/952/952 951/951/951
f 902/902/902 903/903/903 952/952/952
f 903/903/903 953/953/953 952/952/952
f 903/903/903 904/904/904 953/953/953
f 904/904/904 954/954/954 953/953/953
f 904/904/904 905/905/905 954/954/954
f 905/905/905 955/955/955 954/954/954
f 905/905/905 906/906/906 955/955/955
f 906/906/906 956/956/956 955/955/955
f 906/906/906 907/907/907 956/956/956
f 907/907/907 957/957/957 956/956/956
f 907/907/907 908/908/908 957/957/957
f 908/908/908 958/958/958 957/957/957
f 908/908/908 909/909/909 958/958/958
f 909/909/909 959/959/959 958/958/958
f 909/909/909 910/910/910 959/959/959
f 910/910/910 960/960/960 959/959/959
f 910/910/910 911/911/911 960/960/960
f 911/911/911 961/961/961 960/960/960
f 911/911/911 912/912/912 961/961/961
f 912/912/912 962/962/962 961/961/961
f 912/912/912 913/913/913 962/962/962
f 913/913/913 963/963/963 962/962/962
f 913/913/913 914/914/914 963/963/963
f 914/914/914 964/964/964 963/963/963
f 914/914/914 915/915/915 964/964/964
f 915/915/915 965/965/965 964/964/964
f 915/915/915 916/916/916 965/965/965
f 916/916/916 966/966/966 965/965/965
f 916/916/916 917/917/917 966/966/966
f 917/917/917 967/967/967 966/966/966
f 917/917/917 918/918/918 967/967/967
f 918/918/918 968/968/968 967/967/967
f 918/918/918 919/919/919 968/968/968
f 919/919/919 969/969/969 968/968/968
f 919/919/919 920/920/920 969/969/969
f 920/920/920 970/970/970 969/969/969
f 920/920/920 921/921/921 970/970/970
f 921/921/921 971/971/971 970/970/970
f 921/921/921 922/922/922 971/971/971
f 922/922/922 972/972/972 971/971/971
f 922/922/922 923/923/923 972/972/972
f 923/923/923 973/973/973 972/972/972
f 923/923/923 924/924/924 973/973/973
f 924/924/924 974/974/974 973/973/973
f 924/924/924 925/925/925 974/974/974
f 925/925/925 975/975/975 974/974/974
f 925/925/925 926/926/926 975/975/975
f 926/926/926 976/976/976 975/975/975
